Country,Year,Happiness,GDP,GINI
Afghanistan,2008,3.723589897,7.168690205,
Afghanistan,2009,4.401778221,7.333789825,
Afghanistan,2010,4.75838089,7.386628628,
Afghanistan,2011,3.83171916,7.415018559,
Afghanistan,2012,3.782937527,7.517126083,
Afghanistan,2013,3.572100401,7.522237778,
Afghanistan,2014,3.130895615,7.516955376,
Afghanistan,2015,3.982854605,7.500538826,
Afghanistan,2016,4.220168591,7.497038364,
Afghanistan,2017,2.66171813,7.497754574,
Afghanistan,2018,2.694303274,7.494587898,
Albania,2007,4.634251595,9.077330589,0.30325
Albania,2009,5.485469818,9.16163826,0.30325
Albania,2010,5.268936634,9.20303154,0.30325
Albania,2011,5.867421627,9.230903625,0.30325
Albania,2012,5.510124207,9.246655464,0.30325
Albania,2013,4.550647736,9.258444786,0.30325
Albania,2014,4.813763142,9.278103828,0.30325
Albania,2015,4.606650829,9.302960396,0.30325
Albania,2016,4.511100769,9.337532043,0.30325
Albania,2017,4.639548302,9.376145363,0.30325
Albania,2018,5.004402637,9.412399292,0.30325
Algeria,2010,5.46356678,9.462700844,0.276
Algeria,2011,5.317194462,9.471961975,0.276
Algeria,2012,5.604595661,9.485086441,0.276
Algeria,2014,6.354898453,9.509209633,0.276
Algeria,2016,5.340853691,9.541166306,0.276
Algeria,2017,5.248912334,9.540638924,0.276
Algeria,2018,5.043086052,9.557951927,0.276
Angola,2011,5.589000702,8.684613228,0.4735
Angola,2012,4.360249996,8.699498177,0.4735
Angola,2013,3.937106848,8.730367661,0.4735
Angola,2014,3.794837952,8.741480827,0.4735
Argentina,2006,6.312925339,9.716691971,0.4609375
Argentina,2007,6.073158264,9.792595863,0.4609375
Argentina,2008,5.961034298,9.822107315,0.4609375
Argentina,2009,6.424133301,9.750824928,0.4609375
Argentina,2010,6.441067219,9.836923599,0.4609375
Argentina,2011,6.775805473,9.884780884,0.4609375
Argentina,2012,6.468387127,9.863960266,0.4609375
Argentina,2013,6.582260132,9.877256393,0.4609375
Argentina,2014,6.671114445,9.841482162,0.4609375
Argentina,2015,6.69713068,9.858328819,0.4609375
Argentina,2016,6.427221298,9.830087662,0.4609375
Argentina,2017,6.039330006,9.848709106,0.4609375
Argentina,2018,5.792796612,9.809971809,0.4609375
Armenia,2006,4.289310932,8.717719078,0.31925
Armenia,2007,4.881515503,8.855182648,0.31925
Armenia,2008,4.651972294,8.930409431,0.31925
Armenia,2009,4.177581787,8.78461647,0.31925
Armenia,2010,4.367811203,8.810287476,0.31925
Armenia,2011,4.260491371,8.856818199,0.31925
Armenia,2012,4.319711685,8.924141884,0.31925
Armenia,2013,4.277191162,8.952596664,0.31925
Armenia,2014,4.453083038,8.983579636,0.31925
Armenia,2015,4.34831953,9.011393547,0.31925
Armenia,2016,4.325471878,9.010698318,0.31925
Armenia,2017,4.287736416,9.081094742,0.31925
Armenia,2018,5.062448502,9.119423866,0.31925
Australia,2005,7.340688229,10.56947041,0.34275
Australia,2007,7.285390854,10.61349678,0.34275
Australia,2008,7.253757477,10.62938118,0.34275
Australia,2010,7.450047016,10.63258171,0.34275
Australia,2011,7.405616283,10.64290237,0.34275
Australia,2012,7.195585728,10.66322899,0.34275
Australia,2013,7.364169121,10.67169762,0.34275
Australia,2014,7.288550377,10.68160057,0.34275
Australia,2015,7.309060574,10.6901989,0.34275
Australia,2016,7.250080109,10.7030983,0.34275
Australia,2017,7.25703764,10.70658112,0.34275
Australia,2018,7.17699337,10.7210207,0.34275
Austria,2006,7.122211456,10.65721226,0.302692308
Austria,2008,7.180953979,10.70193577,0.302692308
Austria,2010,7.302678585,10.67674351,0.302692308
Austria,2011,7.470512867,10.70218182,0.302692308
Austria,2012,7.400688648,10.70440388,0.302692308
Austria,2013,7.498802662,10.6987648,0.302692308
Austria,2014,6.949999809,10.69920254,0.302692308
Austria,2015,7.07644701,10.69885254,0.302692308
Austria,2016,7.048071861,10.70244312,0.302692308
Austria,2017,7.293727875,10.72407532,0.302692308
Austria,2018,7.396001816,10.74189281,0.302692308
Azerbaijan,2006,4.727870941,9.279043198,0.211
Azerbaijan,2007,4.56815958,9.491240501,0.211
Azerbaijan,2008,4.817189217,9.57254982,0.211
Azerbaijan,2009,4.573725224,9.641726494,0.211
Azerbaijan,2010,4.218610764,9.677229881,0.211
Azerbaijan,2011,4.680469513,9.664858818,0.211
Azerbaijan,2012,4.910771847,9.673333168,0.211
Azerbaijan,2013,5.481178284,9.716747284,0.211
Azerbaijan,2014,5.25153017,9.724067688,0.211
Azerbaijan,2015,5.146774769,9.723095894,0.211
Azerbaijan,2016,5.303894997,9.680426598,0.211
Azerbaijan,2017,5.152279377,9.670762062,0.211
Azerbaijan,2018,5.167995453,9.678013802,0.211
Bahrain,2009,5.700523376,10.61440563,
Bahrain,2010,5.936869144,10.61079693,
Bahrain,2011,4.82397604,10.60074043,
Bahrain,2012,5.027186871,10.62035942,
Bahrain,2013,6.689711094,10.66149044,
Bahrain,2014,6.165133953,10.688241,
Bahrain,2015,6.00737524,10.69027233,
Bahrain,2016,6.169673443,10.68379784,
Bahrain,2017,6.227320671,10.67569351,
Bangladesh,2006,4.318909168,7.616416931,0.32775
Bangladesh,2007,4.607322216,7.672513008,0.32775
Bangladesh,2008,5.052278519,7.719648838,0.32775
Bangladesh,2009,5.08285141,7.75784874,0.32775
Bangladesh,2010,4.858481407,7.800871372,0.32775
Bangladesh,2011,4.985649109,7.85199213,0.32775
Bangladesh,2012,4.724443913,7.903443813,0.32775
Bangladesh,2013,4.660161018,7.95006752,0.32775
Bangladesh,2014,4.635564804,7.997340679,0.32775
Bangladesh,2015,4.633473873,8.049608231,0.32775
Bangladesh,2016,4.5561409,8.107524872,0.32775
Bangladesh,2017,4.309771061,8.167346954,0.32775
Bangladesh,2018,4.499217033,8.22074604,0.32775
Belarus,2006,5.657649994,9.42628479,0.281294118
Belarus,2007,5.616976261,9.513374329,0.281294118
Belarus,2008,5.463332176,9.613955498,0.281294118
Belarus,2009,5.56413126,9.618182182,0.281294118
Belarus,2010,5.525923252,9.694934845,0.281294118
Belarus,2011,5.225307941,9.7507267,0.281294118
Belarus,2012,5.749043465,9.768808365,0.281294118
Belarus,2013,5.876466274,9.778838158,0.281294118
Belarus,2014,5.812400818,9.795022964,0.281294118
Belarus,2015,5.718907833,9.75438118,0.281294118
Belarus,2016,5.177899361,9.727537155,0.281294118
Belarus,2017,5.552915096,9.750800133,0.281294118
Belarus,2018,5.233769894,9.778738976,0.281294118
Belgium,2005,7.262290478,10.59169674,0.284307692
Belgium,2007,7.218839645,10.63641834,0.284307692
Belgium,2008,7.116590977,10.63632011,0.284307692
Belgium,2010,6.853514194,10.62342072,0.284307692
Belgium,2011,7.111363888,10.6273756,0.284307692
Belgium,2012,6.935122013,10.62246037,0.284307692
Belgium,2013,7.10366106,10.61957264,0.284307692
Belgium,2014,6.855329037,10.63007927,0.284307692
Belgium,2015,6.904219151,10.63845348,0.284307692
Belgium,2016,6.948936462,10.64741421,0.284307692
Belgium,2017,6.928347588,10.66098404,0.284307692
Belgium,2018,6.89217186,10.6724453,0.284307692
Belize,2007,6.450644493,8.97496891,
Belize,2014,5.955646515,8.987143517,
Benin,2006,3.329801559,7.469059944,0.432666667
Benin,2008,3.66713953,7.518166542,0.432666667
Benin,2011,3.870279551,7.507083416,0.432666667
Benin,2012,3.193468809,7.526153564,0.432666667
Benin,2013,3.479412794,7.567681313,0.432666667
Benin,2014,3.347419262,7.601440907,0.432666667
Benin,2015,3.624664307,7.594452858,0.432666667
Benin,2016,4.007357597,7.605700016,0.432666667
Benin,2017,4.853180885,7.63251543,0.432666667
Benin,2018,5.81982708,7.663907051,0.432666667
Bhutan,2013,5.569091797,8.86372757,0.392666667
Bhutan,2014,4.938578129,8.904687881,0.392666667
Bhutan,2015,5.082128525,8.954587936,0.392666667
Bolivia,2006,5.373986244,8.483932495,0.5216
Bolivia,2007,5.628419399,8.511676788,0.5216
Bolivia,2008,5.297872543,8.554706573,0.5216
Bolivia,2009,6.085579395,8.571310043,0.5216
Bolivia,2010,5.780620098,8.595536232,0.5216
Bolivia,2011,5.778874397,8.630255699,0.5216
Bolivia,2012,6.018894672,8.664394379,0.5216
Bolivia,2013,5.767428875,8.714517593,0.5216
Bolivia,2014,5.864798546,8.752238274,0.5216
Bolivia,2015,5.834329128,8.784395218,0.5216
Bolivia,2016,5.769723415,8.811049461,0.5216
Bolivia,2017,5.65055275,8.837221146,0.5216
Bolivia,2018,5.915734291,8.860530853,0.5216
Bosnia and Herzegovina,2007,4.899806976,9.13550663,0.3256
Bosnia and Herzegovina,2009,4.963477135,9.166779518,0.3256
Bosnia and Herzegovina,2010,4.66851759,9.181976318,0.3256
Bosnia and Herzegovina,2011,4.994670868,9.200452805,0.3256
Bosnia and Herzegovina,2012,4.773144722,9.203286171,0.3256
Bosnia and Herzegovina,2013,5.123664379,9.238420486,0.3256
Bosnia and Herzegovina,2014,5.248954296,9.260727882,0.3256
Bosnia and Herzegovina,2015,5.117177963,9.299491882,0.3256
Bosnia and Herzegovina,2016,5.180865288,9.335877419,0.3256
Bosnia and Herzegovina,2017,5.089902401,9.368531227,0.3256
Bosnia and Herzegovina,2018,5.887401104,9.402726173,0.3256
Botswana,2006,4.739367008,9.422457695,0.626
Botswana,2008,5.451147079,9.530126572,0.626
Botswana,2010,3.553020239,9.498086929,0.626
Botswana,2011,3.519921064,9.538871765,0.626
Botswana,2012,4.835938931,9.564126015,0.626
Botswana,2013,4.128298759,9.652990341,0.626
Botswana,2014,4.031197071,9.674996376,0.626
Botswana,2015,3.761964798,9.63931179,0.626
Botswana,2016,3.498936653,9.663145065,0.626
Botswana,2017,3.504881144,9.668231964,0.626
Botswana,2018,3.4613657,9.680226326,0.626
Brazil,2005,6.636771202,9.417240143,0.547285714
Brazil,2007,6.320672989,9.493141174,0.547285714
Brazil,2008,6.691424847,9.532628059,0.547285714
Brazil,2009,7.000831604,9.521485329,0.547285714
Brazil,2010,6.837331295,9.58449173,0.547285714
Brazil,2011,7.037816525,9.614010811,0.547285714
Brazil,2012,6.660003662,9.623767853,0.547285714
Brazil,2013,7.140282631,9.644256592,0.547285714
Brazil,2014,6.980998993,9.640450478,0.547285714
Brazil,2015,6.546896935,9.595779419,0.547285714
Brazil,2016,6.374817371,9.552306175,0.547285714
Brazil,2017,6.332929134,9.554174423,0.547285714
Brazil,2018,6.190921783,9.557932854,0.547285714
Bulgaria,2007,3.843797922,9.579361916,0.354666667
Bulgaria,2010,3.912276268,9.634515762,0.354666667
Bulgaria,2011,3.875382423,9.659895897,0.354666667
Bulgaria,2012,4.222297192,9.665997505,0.354666667
Bulgaria,2013,3.993020535,9.680178642,0.354666667
Bulgaria,2014,4.438439846,9.699062347,0.354666667
Bulgaria,2015,4.865401268,9.740979195,0.354666667
Bulgaria,2016,4.837560654,9.786646843,0.354666667
Bulgaria,2017,5.096901894,9.828942299,0.354666667
Bulgaria,2018,5.098813534,9.873218536,0.354666667
Burkina Faso,2006,3.801490784,7.174666882,0.394666667
Burkina Faso,2007,4.017130375,7.199557781,0.394666667
Burkina Faso,2008,3.846438885,7.239715099,0.394666667
Burkina Faso,2010,4.035560608,7.260787964,0.394666667
Burkina Faso,2011,4.785367489,7.294863701,0.394666667
Burkina Faso,2012,3.95500803,7.327422142,0.394666667
Burkina Faso,2013,3.325949669,7.353917599,0.394666667
Burkina Faso,2014,3.481347799,7.366656303,0.394666667
Burkina Faso,2015,4.418930054,7.375465393,0.394666667
Burkina Faso,2016,4.205634594,7.403866291,0.394666667
Burkina Faso,2017,4.646891117,7.440206528,0.394666667
Burkina Faso,2018,4.92723608,7.47052002,0.394666667
Burundi,2008,3.563227654,6.632449627,0.36
Burundi,2009,3.791680813,6.633399487,0.36
Burundi,2011,3.705894232,6.648348808,0.36
Burundi,2014,2.904535055,6.688570023,0.36
Burundi,2018,3.775283098,6.541032791,0.36
Cambodia,2006,3.568744659,7.672447205,
Cambodia,2007,4.15597105,7.754793167,
Cambodia,2008,4.462163925,7.804772854,
Cambodia,2009,4.110625744,7.790644646,
Cambodia,2010,4.141072273,7.833174706,
Cambodia,2011,4.161225319,7.885595798,
Cambodia,2012,3.898706913,7.939874172,
Cambodia,2013,3.674466848,7.994361401,
Cambodia,2014,3.88330555,8.046971321,
Cambodia,2015,4.162164688,8.098932266,
Cambodia,2016,4.461259365,8.150504112,
Cambodia,2017,4.585842133,8.201130867,
Cambodia,2018,5.121837616,8.253352165,
Cameroon,2006,3.851072073,7.95462656,0.438333333
Cameroon,2007,4.349939346,7.975161076,0.438333333
Cameroon,2008,4.291800499,7.982021809,0.438333333
Cameroon,2009,4.741408348,7.976353645,0.438333333
Cameroon,2010,4.554256916,7.982699394,0.438333333
Cameroon,2011,4.433885098,7.995996475,0.438333333
Cameroon,2012,4.244634151,8.013411522,0.438333333
Cameroon,2013,4.271038055,8.039212227,0.438333333
Cameroon,2014,4.240441322,8.069768906,0.438333333
Cameroon,2015,5.037964821,8.098358154,0.438333333
Cameroon,2016,4.816232204,8.115765572,0.438333333
Cameroon,2017,5.07405138,8.121161461,0.438333333
Cameroon,2018,5.250737667,8.133470535,0.438333333
Canada,2005,7.418048382,10.60834694,0.3368
Canada,2007,7.481752872,10.63699436,0.3368
Canada,2008,7.485603809,10.63612556,0.3368
Canada,2009,7.48782444,10.59473801,0.3368
Canada,2010,7.650346279,10.6139679,0.3368
Canada,2011,7.426053524,10.63502026,0.3368
Canada,2012,7.415144444,10.64052105,0.3368
Canada,2013,7.593793869,10.6534729,0.3368
Canada,2014,7.30425787,10.67079449,0.3368
Canada,2015,7.412772655,10.67242527,0.3368
Canada,2016,7.244845867,10.67448139,0.3368
Canada,2017,7.414868355,10.69234467,0.3368
Canada,2018,7.175496578,10.70124817,0.3368
Central African Republic,2007,4.160129547,6.753530502,0.499
Central African Republic,2010,3.567892551,6.781221867,0.499
Central African Republic,2011,3.677826405,6.807504654,0.499
Central African Republic,2016,2.693061113,6.465948105,0.499
Central African Republic,2017,3.475862026,6.494116783,0.499
Chad,2006,3.434800625,7.463717461,0.4155
Chad,2007,4.141326904,7.46249485,0.4155
Chad,2008,4.632468224,7.459868431,0.4155
Chad,2009,3.639445066,7.468581676,0.4155
Chad,2010,3.742871046,7.562782764,0.4155
Chad,2011,4.393482208,7.530396938,0.4155
Chad,2012,4.03297472,7.582166672,0.4155
Chad,2013,3.507663012,7.604434967,0.4155
Chad,2014,3.460182905,7.638511181,0.4155
Chad,2015,4.322675228,7.63390255,0.4155
Chad,2016,4.029350281,7.538164139,0.4155
Chad,2017,4.558937073,7.477691174,0.4155
Chad,2018,4.486325264,7.472574711,0.4155
Chile,2006,6.062851906,9.792030334,0.491571429
Chile,2007,5.697929859,9.829441071,0.491571429
Chile,2008,5.789438725,9.85385704,0.491571429
Chile,2009,6.493686199,9.828087807,0.491571429
Chile,2010,6.63565588,9.875193596,0.491571429
Chile,2011,6.526334763,9.925136566,0.491571429
Chile,2012,6.599128723,9.967881203,0.491571429
Chile,2013,6.74015379,9.998721123,0.491571429
Chile,2014,6.844238281,10.00763416,0.491571429
Chile,2015,6.532749653,10.0220089,0.491571429
Chile,2016,6.579056263,10.02634144,0.491571429
Chile,2017,6.320119381,10.03306866,0.491571429
Chile,2018,6.436220646,10.06591988,0.491571429
China,2006,4.560495377,8.765777588,0.425
China,2007,4.86286211,8.893610001,0.425
China,2008,4.84629488,8.980648994,0.425
China,2009,4.454360962,9.065513611,0.425
China,2010,4.652736664,9.161761284,0.425
China,2011,5.037207603,9.248056412,0.425
China,2012,5.094917297,9.318813324,0.425
China,2013,5.241090298,9.388590813,0.425
China,2014,5.195619106,9.453964233,0.425
China,2015,5.303877831,9.515608788,0.425
China,2016,5.32495594,9.575044632,0.425
China,2017,5.099061489,9.636177063,0.425
China,2018,5.131433964,9.694375992,0.425
Colombia,2006,6.024942875,9.186061859,0.5416
Colombia,2007,6.138411522,9.240573883,0.5416
Colombia,2008,6.168395042,9.26362133,0.5416
Colombia,2009,6.271604538,9.268606186,0.5416
Colombia,2010,6.40811348,9.296564102,0.5416
Colombia,2011,6.463952541,9.349796295,0.5416
Colombia,2012,6.374879837,9.379259109,0.5416
Colombia,2013,6.606550694,9.417053223,0.5416
Colombia,2014,6.44878912,9.450613976,0.5416
Colombia,2015,6.387571812,9.471579552,0.5416
Colombia,2016,6.233715057,9.483036041,0.5416
Colombia,2017,6.157341957,9.492126465,0.5416
Colombia,2018,5.983512402,9.511734009,0.5416
Comoros,2009,3.47602725,7.255482197,0.506
Comoros,2010,3.81219101,7.253118515,0.506
Comoros,2011,3.838485956,7.254610538,0.506
Comoros,2012,3.955640316,7.259981155,0.506
Comoros,2018,3.972819567,7.260142326,0.506
Congo (Brazzaville),2008,3.819792271,8.461688042,0.481
Congo (Brazzaville),2011,4.509824276,8.559092522,0.481
Congo (Brazzaville),2012,3.919341803,8.570007324,0.481
Congo (Brazzaville),2013,3.954950571,8.578680992,0.481
Congo (Brazzaville),2014,4.05601263,8.619398117,0.481
Congo (Brazzaville),2015,4.690830231,8.620271683,0.481
Congo (Brazzaville),2016,4.119493484,8.566148758,0.481
Congo (Brazzaville),2017,4.883991241,8.493188858,0.481
Congo (Brazzaville),2018,5.490214348,8.473278999,0.481
Congo (Kinshasa),2009,3.983848572,6.457201481,0.4215
Congo (Kinshasa),2011,4.516963959,6.525662899,0.4215
Congo (Kinshasa),2012,4.63922739,6.560744762,0.4215
Congo (Kinshasa),2013,4.497477055,6.608834743,0.4215
Congo (Kinshasa),2014,4.414299965,6.666126251,0.4215
Congo (Kinshasa),2015,3.902741671,6.699996948,0.4215
Congo (Kinshasa),2016,4.521935463,6.69092226,0.4215
Congo (Kinshasa),2017,4.311033249,6.694726944,0.4215
Costa Rica,2006,7.082465172,9.363595009,0.490882353
Costa Rica,2007,7.432132244,9.428125381,0.490882353
Costa Rica,2008,6.850679874,9.459926605,0.490882353
Costa Rica,2009,7.614928722,9.436995506,0.490882353
Costa Rica,2010,7.271053791,9.472703934,0.490882353
Costa Rica,2011,7.228888512,9.502802849,0.490882353
Costa Rica,2012,7.272250175,9.538064003,0.490882353
Costa Rica,2013,7.158000469,9.549329758,0.490882353
Costa Rica,2014,7.247086048,9.573064804,0.490882353
Costa Rica,2015,6.854004383,9.598225594,0.490882353
Costa Rica,2016,7.135617733,9.628722191,0.490882353
Costa Rica,2017,7.22518158,9.650206566,0.490882353
Costa Rica,2018,7.141074657,9.669425964,0.490882353
Croatia,2007,5.820907593,9.978619576,0.321428571
Croatia,2009,5.433319569,9.923801422,0.321428571
Croatia,2010,5.595575333,9.91204834,0.321428571
Croatia,2011,5.385372639,9.940322876,0.321428571
Croatia,2012,6.027634621,9.920677185,0.321428571
Croatia,2013,5.885462761,9.916960716,0.321428571
Croatia,2014,5.380692482,9.920071602,0.321428571
Croatia,2015,5.205438137,9.951515198,0.321428571
Croatia,2016,5.416875362,9.98966217,0.321428571
Croatia,2017,5.343165874,10.02878857,0.321428571
Croatia,2018,5.536271095,10.06575108,0.321428571
Cuba,2006,5.417868614,9.67642498,
Cyprus,2006,6.237958431,10.451581,0.326166667
Cyprus,2009,6.833477497,10.44544411,0.326166667
Cyprus,2010,6.386546135,10.43238258,0.326166667
Cyprus,2011,6.689608574,10.41007519,0.326166667
Cyprus,2012,6.180507183,10.36377907,0.326166667
Cyprus,2013,5.438952446,10.30492973,0.326166667
Cyprus,2014,5.627123833,10.30179977,0.326166667
Cyprus,2015,5.439161301,10.32709026,0.326166667
Cyprus,2016,5.794618607,10.35237598,0.326166667
Cyprus,2017,6.062051296,10.3863802,0.326166667
Cyprus,2018,6.276443005,,0.326166667
Czech Republic,2005,6.439256668,10.15740108,0.264166667
Czech Republic,2007,6.500194073,10.26966,0.264166667
Czech Republic,2010,6.249617577,10.25248623,0.264166667
Czech Republic,2011,6.331490993,10.26804066,0.264166667
Czech Republic,2012,6.334149361,10.25861073,0.264166667
Czech Republic,2013,6.697655678,10.25343132,0.264166667
Czech Republic,2014,6.483729839,10.27916718,0.264166667
Czech Republic,2015,6.608017445,10.32893276,0.264166667
Czech Republic,2016,6.735627174,10.3526144,0.264166667
Czech Republic,2017,6.789567947,10.39224911,0.264166667
Czech Republic,2018,7.034165382,10.41947365,0.264166667
Denmark,2005,8.01893425,10.70477009,0.267
Denmark,2007,7.834233284,10.74448395,0.267
Denmark,2008,7.970891953,10.73347473,0.267
Denmark,2009,7.683358669,10.67781448,0.267
Denmark,2010,7.770515442,10.69190979,0.267
Denmark,2011,7.78823185,10.70107079,0.267
Denmark,2012,7.519909382,10.69957066,0.267
Denmark,2013,7.588606834,10.70469189,0.267
Denmark,2014,7.507559299,10.71568489,0.267
Denmark,2015,7.514424801,10.72455978,0.267
Denmark,2016,7.55778265,10.73620605,0.267
Denmark,2017,7.593702316,10.75112534,0.267
Denmark,2018,7.648785591,10.75559425,0.267
Djibouti,2008,5.009330273,7.826861382,0.430666667
Djibouti,2009,4.905925274,7.859205246,0.430666667
Djibouti,2010,5.005810738,7.876529694,0.430666667
Djibouti,2011,4.369193554,7.90300703,0.430666667
Dominican Republic,2006,5.087967873,9.179656982,0.484705882
Dominican Republic,2007,5.081305981,9.237101555,0.484705882
Dominican Republic,2008,4.84230566,9.254881859,0.484705882
Dominican Republic,2009,5.431613922,9.250771523,0.484705882
Dominican Republic,2010,4.735021114,9.31762886,0.484705882
Dominican Republic,2011,5.396535397,9.335522652,0.484705882
Dominican Republic,2012,4.753311157,9.349662781,0.484705882
Dominican Republic,2013,5.015515327,9.384899139,0.484705882
Dominican Republic,2014,5.387331963,9.446442604,0.484705882
Dominican Republic,2015,5.061862469,9.502705574,0.484705882
Dominican Republic,2016,5.238698483,9.555362701,0.484705882
Dominican Republic,2017,5.605202675,9.588835716,0.484705882
Dominican Republic,2018,5.433215618,9.626997948,0.484705882
Ecuador,2006,5.02419138,9.086746216,0.496
Ecuador,2007,4.995875359,9.091515541,0.496
Ecuador,2008,5.296513081,9.136248589,0.496
Ecuador,2009,6.021803379,9.125169754,0.496
Ecuador,2010,5.838051319,9.143382072,0.496
Ecuador,2011,5.795088291,9.203003883,0.496
Ecuador,2012,5.960716248,9.242050171,0.496
Ecuador,2013,6.019206047,9.274765968,0.496
Ecuador,2014,5.945851803,9.296648026,0.496
Ecuador,2015,5.964075089,9.282580376,0.496
Ecuador,2016,6.115437508,9.251891136,0.496
Ecuador,2017,5.839518547,9.266903877,0.496
Ecuador,2018,6.128010273,9.27445507,0.496
Egypt,2005,5.167754173,8.987386703,0.312
Egypt,2007,5.540510654,9.086874962,0.312
Egypt,2008,4.631741047,9.13835144,0.312
Egypt,2009,5.066164494,9.165535927,0.312
Egypt,2010,4.668916225,9.19598484,0.312
Egypt,2011,4.174158573,9.192565918,0.312
Egypt,2012,4.204156876,9.192422867,0.312
Egypt,2013,3.558520317,9.191586494,0.312
Egypt,2014,4.885072708,9.19824791,0.312
Egypt,2015,4.762538433,9.219856262,0.312
Egypt,2016,4.556740761,9.242236137,0.312
Egypt,2017,3.929344177,9.263900757,0.312
Egypt,2018,4.005450726,9.293959618,0.312
El Salvador,2006,5.700929642,8.726853371,0.457823529
El Salvador,2007,5.295535088,8.740840912,0.457823529
El Salvador,2008,5.191493988,8.757490158,0.457823529
El Salvador,2009,6.839087009,8.732030869,0.457823529
El Salvador,2010,6.739911079,8.748428345,0.457823529
El Salvador,2011,4.741294861,8.781316757,0.457823529
El Salvador,2012,5.934371471,8.804447174,0.457823529
El Salvador,2013,6.325063229,8.823185921,0.457823529
El Salvador,2014,5.856523514,8.837931633,0.457823529
El Salvador,2015,6.018496037,8.856460571,0.457823529
El Salvador,2016,6.139824867,8.876843452,0.457823529
El Salvador,2017,6.339318275,8.8945961,0.457823529
El Salvador,2018,6.276246071,8.911958694,0.457823529
Estonia,2006,5.371054649,10.13850594,0.332461538
Estonia,2007,5.332044125,10.21769524,0.332461538
Estonia,2008,5.451937675,10.16465759,0.332461538
Estonia,2009,5.137738705,10.00730324,0.332461538
Estonia,2011,5.486819744,10.10818481,0.332461538
Estonia,2012,5.363927841,10.15393448,0.332461538
Estonia,2013,5.367445946,10.17667389,0.332461538
Estonia,2014,5.55598259,10.20779419,0.332461538
Estonia,2015,5.628908634,10.22374249,0.332461538
Estonia,2016,5.649675369,10.24387455,0.332461538
Estonia,2017,5.938395977,10.29150963,0.332461538
Estonia,2018,6.091302395,10.32410717,0.332461538
Ethiopia,2012,4.561168671,7.115237236,0.340333333
Ethiopia,2013,4.44482708,7.18973732,0.340333333
Ethiopia,2014,4.506646633,7.261595249,0.340333333
Ethiopia,2015,4.573154926,7.335052013,0.340333333
Ethiopia,2016,4.297848701,7.382928848,0.340333333
Ethiopia,2017,4.180315495,7.455834389,0.340333333
Ethiopia,2018,4.379262447,7.524516582,0.340333333
Finland,2006,7.672449112,10.61019421,0.275615385
Finland,2008,7.67062664,10.65901375,0.275615385
Finland,2010,7.393264294,10.59283066,0.275615385
Finland,2011,7.354225159,10.6135788,0.275615385
Finland,2012,7.420209408,10.59445572,0.275615385
Finland,2013,7.444635868,10.58223915,0.275615385
Finland,2014,7.384571075,10.57176685,0.275615385
Finland,2015,7.447925568,10.56982231,0.275615385
Finland,2016,7.659843445,10.58807755,0.275615385
Finland,2017,7.788251877,10.61117172,0.275615385
Finland,2018,7.85810709,10.63605976,0.275615385
France,2005,7.093392849,10.50522804,0.320923077
France,2006,6.582700253,10.52172756,0.320923077
France,2008,7.008064747,10.53524303,0.320923077
France,2009,6.283498287,10.50024414,0.320923077
France,2010,6.797901154,10.51476955,0.320923077
France,2011,6.959185123,10.53051186,0.320923077
France,2012,6.649365425,10.52749729,0.320923077
France,2013,6.66712141,10.52809525,0.320923077
France,2014,6.466867924,10.53272915,0.320923077
France,2015,6.357625008,10.53917408,0.320923077
France,2016,6.475208759,10.54698849,0.320923077
France,2017,6.635222435,10.56115437,0.320923077
France,2018,6.665903568,10.57335186,0.320923077
Gabon,2011,4.255400658,9.673668861,0.422
Gabon,2012,3.97205925,9.6902771,0.422
Gabon,2013,3.800287008,9.711301804,0.422
Gabon,2014,3.918073177,9.721883774,0.422
Gabon,2015,4.66101265,9.731321335,0.422
Gabon,2016,4.831764221,9.726552963,0.422
Gabon,2017,4.782382965,9.714891434,0.422
Gabon,2018,4.783009052,9.718316078,0.422
Gambia,2017,4.117938995,7.353572845,0.422666667
Gambia,2018,4.922099113,7.376553535,0.422666667
Georgia,2006,3.675108433,8.600076675,0.380117647
Georgia,2007,3.707194567,8.729614258,0.380117647
Georgia,2008,4.15609026,8.765312195,0.380117647
Georgia,2009,3.800639153,8.74111557,0.380117647
Georgia,2010,4.101837158,8.814892769,0.380117647
Georgia,2011,4.203030586,8.897694588,0.380117647
Georgia,2012,4.254445553,8.972251892,0.380117647
Georgia,2013,4.348920822,9.018454552,0.380117647
Georgia,2014,4.287508011,9.076712608,0.380117647
Georgia,2015,4.121940613,9.107768059,0.380117647
Georgia,2016,4.448386192,9.135268211,0.380117647
Georgia,2017,4.45077467,9.18451786,0.380117647
Georgia,2018,4.659097195,9.229100227,0.380117647
Germany,2005,6.619549751,10.53751945,0.306222222
Germany,2007,6.416819572,10.60840321,0.306222222
Germany,2008,6.521790028,10.62106991,0.306222222
Germany,2009,6.64149332,10.56577492,0.306222222
Germany,2010,6.724531174,10.60729599,0.306222222
Germany,2011,6.621312141,10.6617794,0.306222222
Germany,2012,6.702362061,10.66480923,0.306222222
Germany,2013,6.965125084,10.66696453,0.306222222
Germany,2014,6.984214306,10.68190861,0.306222222
Germany,2015,7.037137508,10.69053364,0.306222222
Germany,2016,6.873763084,10.70171165,0.306222222
Germany,2017,7.074324608,10.71949959,0.306222222
Germany,2018,7.118364334,10.73094463,0.306222222
Ghana,2006,4.535019875,7.875509739,0.426
Ghana,2007,5.220148087,7.891870499,0.426
Ghana,2008,4.965134621,7.953400612,0.426
Ghana,2009,4.197695732,7.975065231,0.426
Ghana,2010,4.606251717,8.025968552,0.426
Ghana,2011,5.608199596,8.13284111,0.426
Ghana,2012,5.057261944,8.1976614,0.426
Ghana,2013,4.965053082,8.24468708,0.426
Ghana,2014,3.860351086,8.260647774,0.426
Ghana,2015,3.985916138,8.275556564,0.426
Ghana,2016,4.514411449,8.289732933,0.426
Ghana,2017,5.481310844,8.349396706,0.426
Greece,2005,6.006309986,10.29415321,0.346384615
Greece,2007,6.646961212,10.37580013,0.346384615
Greece,2009,6.038574696,10.32319832,0.346384615
Greece,2010,5.839558601,10.2655611,0.346384615
Greece,2011,5.372039795,10.17127228,0.346384615
Greece,2012,5.096354008,10.10087299,0.346384615
Greece,2013,4.720251083,10.07517338,0.346384615
Greece,2014,4.75623703,10.08920479,0.346384615
Greece,2015,5.622519016,10.09288025,0.346384615
Greece,2016,5.302619457,10.09459305,0.346384615
Greece,2017,5.14824152,10.10945988,0.346384615
Greece,2018,5.40928936,10.13205814,0.346384615
Guatemala,2006,5.901429176,8.773075104,0.523666667
Guatemala,2007,6.329581261,8.811822891,0.523666667
Guatemala,2008,6.414494514,8.822012901,0.523666667
Guatemala,2009,6.451916218,8.805375099,0.523666667
Guatemala,2010,6.289748669,8.811959267,0.523666667
Guatemala,2011,5.743353844,8.831199646,0.523666667
Guatemala,2012,5.855717182,8.839147568,0.523666667
Guatemala,2013,5.984601498,8.854383469,0.523666667
Guatemala,2014,6.536030769,8.874507904,0.523666667
Guatemala,2015,6.464986801,8.894631386,0.523666667
Guatemala,2016,6.358916283,8.904984474,0.523666667
Guatemala,2017,6.325118542,8.912446976,0.523666667
Guatemala,2018,6.626591682,8.923428535,0.523666667
Guinea,2011,4.044569492,7.393607616,0.387
Guinea,2012,3.651554823,7.429018497,0.387
Guinea,2013,3.901793003,7.44524765,0.387
Guinea,2014,3.4124825,7.458611012,0.387
Guinea,2015,3.504693508,7.472111702,0.387
Guinea,2016,3.602854729,7.54667902,0.387
Guinea,2017,4.873722553,7.600365162,0.387
Guinea,2018,5.25222683,7.633718014,0.387
Guyana,2007,5.992826462,8.577043533,
Haiti,2006,3.754156113,7.360296249,0.411
Haiti,2008,3.846329212,7.370657444,0.411
Haiti,2010,3.76599884,7.314574718,0.411
Haiti,2011,4.844573975,7.353900909,0.411
Haiti,2012,4.413475037,7.368234158,0.411
Haiti,2013,4.62196207,7.395941734,0.411
Haiti,2014,3.888778448,7.410259247,0.411
Haiti,2015,3.569762468,7.409274578,0.411
Haiti,2016,3.352300167,7.411055088,0.411
Haiti,2017,3.823865652,7.410451412,0.411
Haiti,2018,3.614928007,7.416091919,0.411
Honduras,2006,5.396519661,8.256402969,0.5466875
Honduras,2007,5.09715414,8.294600487,0.5466875
Honduras,2008,5.420331001,8.314905167,0.5466875
Honduras,2009,6.033189297,8.269874573,0.5466875
Honduras,2010,5.866131306,8.286819458,0.5466875
Honduras,2011,4.961031437,8.305502892,0.5466875
Honduras,2012,4.602218151,8.327683449,0.5466875
Honduras,2013,4.713358402,8.337487221,0.5466875
Honduras,2014,5.055726051,8.350270271,0.5466875
Honduras,2015,4.845436573,8.370887756,0.5466875
Honduras,2016,5.648154736,8.390897751,0.5466875
Honduras,2017,6.019985676,8.421077728,0.5466875
Honduras,2018,5.908423901,8.439203262,0.5466875
Hong Kong S.A.R. of China,2006,5.511187077,10.6809864,
Hong Kong S.A.R. of China,2008,5.137261868,10.75010872,
Hong Kong S.A.R. of China,2009,5.397055626,10.72305679,
Hong Kong S.A.R. of China,2010,5.642834663,10.78119755,
Hong Kong S.A.R. of China,2011,5.474010944,10.82149601,
Hong Kong S.A.R. of China,2012,5.483764648,10.82731628,
Hong Kong S.A.R. of China,2014,5.458050728,10.87406635,
Hong Kong S.A.R. of China,2016,5.498420715,10.90435696,
Hong Kong S.A.R. of China,2017,5.362474918,10.9340868,
Hungary,2005,5.193933487,10.01917171,0.297916667
Hungary,2007,4.953917027,10.06440449,0.297916667
Hungary,2009,4.894600391,10.00794506,0.297916667
Hungary,2010,4.725132465,10.01700497,0.297916667
Hungary,2011,4.917602539,10.03632164,0.297916667
Hungary,2012,4.683358192,10.02491188,0.297916667
Hungary,2013,4.914466858,10.04841042,0.297916667
Hungary,2014,5.18056345,10.09251308,0.297916667
Hungary,2015,5.34438324,10.12800789,0.297916667
Hungary,2016,5.448901653,10.15285015,0.297916667
Hungary,2017,6.065038681,10.19531918,0.297916667
Iceland,2008,6.888284206,10.67671394,0.280833333
Iceland,2012,7.590660095,10.59492397,0.280833333
Iceland,2013,7.501394272,10.62764359,0.280833333
Iceland,2015,7.498070717,10.67007351,0.280833333
Iceland,2016,7.510034561,10.7283411,0.280833333
Iceland,2017,7.476213932,10.74684143,0.280833333
India,2006,5.348258972,8.137375832,0.351
India,2007,5.02679348,8.21575737,0.351
India,2008,5.145833015,8.239232063,0.351
India,2009,4.521517754,8.306424141,0.351
India,2010,4.989277363,8.390426636,0.351
India,2011,4.634871483,8.441580772,0.351
India,2012,4.720146656,8.482096672,0.351
India,2013,4.427788734,8.531806946,0.351
India,2014,4.424379349,8.591399193,0.351
India,2015,4.342079163,8.65811348,0.351
India,2016,4.179177284,8.715342522,0.351
India,2017,4.046111107,8.768212318,0.351
India,2018,3.818068743,8.830280304,0.351
Indonesia,2006,4.946978092,8.86814785,0.395
Indonesia,2007,5.101213932,8.916049957,0.395
Indonesia,2008,4.815309525,8.960933685,0.395
Indonesia,2009,5.472361088,8.99280262,0.395
Indonesia,2010,5.457299232,9.039966583,0.395
Indonesia,2011,5.172608376,9.086795807,0.395
Indonesia,2012,5.36777401,9.132506371,0.395
Indonesia,2013,5.292237759,9.174015999,0.395
Indonesia,2014,5.597375393,9.21064949,0.395
Indonesia,2015,5.04279995,9.246450424,0.395
Indonesia,2016,5.136325359,9.284182549,0.395
Indonesia,2017,5.098401546,9.322663307,0.395
Indonesia,2018,5.340295792,9.362827301,0.395
Iran,2005,5.308190346,9.656067848,0.4134
Iran,2007,5.336371422,9.760663033,0.4134
Iran,2008,5.128988266,9.751925468,0.4134
Iran,2011,4.767507076,9.808743477,0.4134
Iran,2012,4.608927727,9.718718529,0.4134
Iran,2013,5.139579296,9.704015732,0.4134
Iran,2014,4.682224274,9.736499786,0.4134
Iran,2015,4.749955654,9.711170197,0.4134
Iran,2016,4.652730942,9.825400352,0.4134
Iran,2017,4.716783047,9.856533051,0.4134
Iran,2018,4.278117657,9.886064529,0.4134
Iraq,2008,4.589844704,9.410620689,0.2905
Iraq,2009,4.775316715,9.417305946,0.2905
Iraq,2010,5.065462112,9.450741768,0.2905
Iraq,2011,4.725366116,9.492628098,0.2905
Iraq,2012,4.659508705,9.590554237,0.2905
Iraq,2013,4.725017071,9.630600929,0.2905
Iraq,2014,4.541502476,9.604972839,0.2905
Iraq,2015,4.493377209,9.620651245,0.2905
Iraq,2016,4.412537098,9.695360184,0.2905
Iraq,2017,4.462399006,9.659119606,0.2905
Ireland,2006,7.144246578,10.77643299,0.326153846
Ireland,2008,7.568029881,10.73775768,0.326153846
Ireland,2009,7.045911312,10.68022823,0.326153846
Ireland,2010,7.257389545,10.69263554,0.326153846
Ireland,2011,7.006904125,10.71768761,0.326153846
Ireland,2012,6.964645386,10.71382141,0.326153846
Ireland,2013,6.760085106,10.72481155,0.326153846
Ireland,2014,7.018379211,10.7974987,0.326153846
Ireland,2015,6.830125332,11.01564217,0.326153846
Ireland,2016,7.04073143,11.05449009,0.326153846
Ireland,2017,7.060155392,11.11744022,0.326153846
Ireland,2018,6.962335587,11.16332817,0.326153846
Israel,2006,7.173417091,10.22782707,0.4112
Israel,2007,6.841114998,10.2661972,0.4112
Israel,2008,7.261261463,10.27787685,0.4112
Israel,2009,7.352979183,10.26769638,0.4112
Israel,2010,7.358916283,10.30034924,0.4112
Israel,2011,7.433147907,10.32739449,0.4112
Israel,2012,7.110854626,10.32817173,0.4112
Israel,2013,7.320563316,10.34980011,0.4112
Israel,2014,7.400570393,10.36413765,0.4112
Israel,2015,7.07941103,10.37425232,0.4112
Israel,2016,7.159010887,10.39477539,0.4112
Israel,2017,7.331036091,10.40826416,0.4112
Israel,2018,6.92717886,10.4245739,0.4112
Italy,2005,6.853783607,10.53487492,0.344
Italy,2007,6.574412346,10.5613184,0.344
Italy,2008,6.779774189,10.54413414,0.344
Italy,2009,6.333800316,10.48319817,0.344
Italy,2010,6.354238033,10.4968462,0.344
Italy,2011,6.057086468,10.50087643,0.344
Italy,2012,5.839313984,10.46958542,0.344
Italy,2013,6.009373665,10.44056034,0.344
Italy,2014,6.026585102,10.43252182,0.344
Italy,2015,5.847683907,10.44295979,0.344
Italy,2016,5.95452404,10.45320511,0.344
Italy,2017,6.198870182,10.4693718,0.344
Italy,2018,6.516526699,10.48051643,0.344
Ivory Coast,2009,4.197181702,7.900471687,0.42
Ivory Coast,2013,3.739365578,7.965493679,0.42
Ivory Coast,2014,3.570368528,8.024382591,0.42
Ivory Coast,2015,4.445038795,8.083826065,0.42
Ivory Coast,2016,4.542545795,8.138846397,0.42
Ivory Coast,2017,5.037734985,8.188968658,0.42
Ivory Coast,2018,5.26837492,8.236133575,0.42
Jamaica,2006,6.207881927,9.060152054,0.469
Jamaica,2011,5.374446392,8.999515533,0.469
Jamaica,2013,5.708886623,8.990375519,0.469
Jamaica,2014,5.310538769,8.993581772,0.469
Jamaica,2017,5.889759064,9.011104584,0.469
Japan,2005,6.515817165,10.48173332,0.321
Japan,2007,6.238197803,10.51045704,0.321
Japan,2008,5.91067934,10.49897671,0.321
Japan,2009,5.844999313,10.44341564,0.321
Japan,2010,6.056752682,10.48429871,0.321
Japan,2011,6.262793541,10.48499584,0.321
Japan,2012,5.968216419,10.50143337,0.321
Japan,2013,5.959361553,10.52268124,0.321
Japan,2014,5.922620773,10.52774811,0.321
Japan,2015,5.879684448,10.54225731,0.321
Japan,2016,5.954650879,10.55274868,0.321
Japan,2017,5.910676479,10.57137394,0.321
Japan,2018,5.793575287,10.58161831,0.321
Jordan,2005,6.294660091,9.082460403,0.343
Jordan,2007,5.59805727,9.158360481,0.343
Jordan,2008,4.930058002,9.181404114,0.343
Jordan,2009,5.999859333,9.184934616,0.343
Jordan,2010,5.569942474,9.156176567,0.343
Jordan,2011,5.539327621,9.128501892,0.343
Jordan,2012,5.131996155,9.101000786,0.343
Jordan,2013,5.171952724,9.077575684,0.343
Jordan,2014,5.333021641,9.062093735,0.343
Jordan,2015,5.404593468,9.046768188,0.343
Jordan,2016,5.27128458,9.034749031,0.343
Jordan,2017,4.808082581,9.028517723,0.343
Jordan,2018,4.638933659,9.024435043,0.343
Kazakhstan,2006,5.475948334,9.772315025,0.305866667
Kazakhstan,2007,5.718553543,9.846136093,0.305866667
Kazakhstan,2008,5.886419773,9.866419792,0.305866667
Kazakhstan,2009,5.382563114,9.851978302,0.305866667
Kazakhstan,2010,5.514286518,9.908304214,0.305866667
Kazakhstan,2011,5.735662937,9.965378761,0.305866667
Kazakhstan,2012,5.759469509,9.998175621,0.305866667
Kazakhstan,2013,5.835483074,10.04205036,0.305866667
Kazakhstan,2014,5.970097542,10.06846523,0.305866667
Kazakhstan,2015,5.949995041,10.06577873,0.305866667
Kazakhstan,2016,5.533551693,10.06249809,0.305866667
Kazakhstan,2017,5.882351398,10.08812237,0.305866667
Kazakhstan,2018,6.00763607,10.111166,0.305866667
Kenya,2006,4.223234177,7.742328644,0.4365
Kenya,2007,4.575657845,7.781070709,0.4365
Kenya,2008,4.015274525,7.755875111,0.4365
Kenya,2009,4.270434856,7.760977745,0.4365
Kenya,2010,4.255859375,7.814404011,0.4365
Kenya,2011,4.405310154,7.84657526,0.4365
Kenya,2012,4.547335148,7.864265442,0.4365
Kenya,2013,3.795383215,7.894708157,0.4365
Kenya,2014,4.904579639,7.920532227,0.4365
Kenya,2015,4.357617855,7.950148582,0.4365
Kenya,2016,4.396127701,7.981573582,0.4365
Kenya,2017,4.475654125,8.004040718,0.4365
Kenya,2018,4.655702591,8.03267765,0.4365
Kosovo,2007,5.103906155,8.907893181,0.289909091
Kosovo,2008,5.521659851,8.925965309,0.289909091
Kosovo,2009,5.891432762,8.950803757,0.289909091
Kosovo,2010,5.17660141,8.975331306,0.289909091
Kosovo,2011,4.859501839,9.013744354,0.289909091
Kosovo,2012,5.639588356,9.034389496,0.289909091
Kosovo,2013,6.125758171,9.057710648,0.289909091
Kosovo,2014,5.000375271,9.070881844,0.289909091
Kosovo,2015,5.077460766,9.122049332,0.289909091
Kosovo,2016,5.759412289,9.153971672,0.289909091
Kosovo,2017,6.149199963,9.189712524,0.289909091
Kosovo,2018,6.391825676,,0.289909091
Kuwait,2006,6.075547218,11.47464561,
Kuwait,2009,6.585246086,11.31352901,
Kuwait,2010,6.798151016,11.22796154,
Kuwait,2011,6.377699375,11.25751114,
Kuwait,2012,6.221094608,11.25955486,
Kuwait,2013,6.480031013,11.21296215,
Kuwait,2014,6.180138588,11.16807175,
Kuwait,2015,6.146031857,11.13424301,
Kuwait,2016,5.947194576,11.13985634,
Kuwait,2017,6.093905449,11.09027195,
Kyrgyzstan,2006,4.641398907,7.790522099,0.304117647
Kyrgyzstan,2007,4.697761536,7.862961292,0.304117647
Kyrgyzstan,2008,4.736588001,7.934132099,0.304117647
Kyrgyzstan,2009,5.06905365,7.950513363,0.304117647
Kyrgyzstan,2010,4.996410847,7.933857918,0.304117647
Kyrgyzstan,2011,4.921049118,7.979545593,0.304117647
Kyrgyzstan,2012,5.207785606,7.962011337,0.304117647
Kyrgyzstan,2013,5.40242672,8.045762062,0.304117647
Kyrgyzstan,2014,5.252192974,8.065153122,0.304117647
Kyrgyzstan,2015,4.905375957,8.082588196,0.304117647
Kyrgyzstan,2016,4.856534004,8.104660988,0.304117647
Kyrgyzstan,2017,5.629536629,8.129609108,0.304117647
Kyrgyzstan,2018,5.297383308,8.151305199,0.304117647
Laos,2006,5.076225758,8.110230446,0.348
Laos,2007,5.363854885,8.166427612,0.348
Laos,2008,5.044098854,8.224701881,0.348
Laos,2011,4.703749657,8.410755157,0.348
Laos,2012,4.876084805,8.475143433,0.348
Laos,2017,4.623140812,8.763640404,0.348
Laos,2018,4.85940218,8.813603401,0.348
Latvia,2006,4.70950222,9.892741203,0.360333333
Latvia,2007,4.666971684,9.996024132,0.360333333
Latvia,2008,5.145375252,9.970413208,0.360333333
Latvia,2009,4.668910503,9.831418037,0.360333333
Latvia,2011,4.966811657,9.892091751,0.360333333
Latvia,2012,5.125025272,9.944048882,0.360333333
Latvia,2013,5.069770336,9.978767395,0.360333333
Latvia,2014,5.729115486,10.00659657,0.360333333
Latvia,2015,5.880597591,10.04406738,0.360333333
Latvia,2016,5.940446377,10.07505417,0.360333333
Latvia,2017,5.977817535,10.12918186,0.360333333
Latvia,2018,5.901154041,10.18411732,0.360333333
Lebanon,2005,5.49124527,9.414856911,0.318
Lebanon,2006,4.653103828,9.412774086,0.318
Lebanon,2008,4.594851017,9.588614464,0.318
Lebanon,2009,5.205998898,9.667031288,0.318
Lebanon,2010,5.031899452,9.708188057,0.318
Lebanon,2011,5.187571526,9.661013603,0.318
Lebanon,2012,4.572566986,9.619617462,0.318
Lebanon,2013,4.983288765,9.575028419,0.318
Lebanon,2014,5.233025551,9.534694672,0.318
Lebanon,2015,5.171971321,9.499474525,0.318
Lebanon,2016,5.27072382,9.493102074,0.318
Lebanon,2017,5.153989792,9.50058651,0.318
Lebanon,2018,5.167186737,9.507958412,0.318
Lesotho,2011,4.89751482,7.824051857,0.529
Lesotho,2016,3.808204889,7.914381981,0.529
Lesotho,2017,3.795300722,7.955478668,0.529
Liberia,2007,3.701401234,6.487488747,0.3485
Liberia,2008,4.221354008,6.514690399,0.3485
Liberia,2010,4.196063042,6.550585747,0.3485
Liberia,2014,4.571419239,6.690494061,0.3485
Liberia,2015,2.701591253,6.665997982,0.3485
Liberia,2016,3.354676008,6.624804974,0.3485
Liberia,2017,4.424490929,6.623783588,0.3485
Liberia,2018,4.134852886,6.630169868,0.3485
Libya,2012,5.754394054,10.12488461,
Libya,2015,5.615404606,9.605566025,
Libya,2016,5.43358326,9.56790638,
Libya,2017,5.646852493,9.791522026,
Libya,2018,5.493977547,,
Lithuania,2006,5.954442978,9.914383888,0.355
Lithuania,2007,5.80828476,10.0314064,0.355
Lithuania,2008,5.553925991,10.06763268,0.355
Lithuania,2009,5.466920853,9.918400764,0.355
Lithuania,2010,5.065824986,9.955636024,0.355
Lithuania,2011,5.43243742,10.03689575,0.355
Lithuania,2012,5.771037102,10.08786297,0.355
Lithuania,2013,5.595689297,10.13237095,0.355
Lithuania,2014,6.125723839,10.17573357,0.355
Lithuania,2015,5.711378098,10.20528412,0.355
Lithuania,2016,5.865552425,10.24116898,0.355
Lithuania,2017,6.272940636,10.2929678,0.355
Lithuania,2018,6.308878899,10.33951187,0.355
Luxembourg,2009,6.957920074,11.39750004,0.316076923
Luxembourg,2010,7.097251892,11.42674923,0.316076923
Luxembourg,2011,7.101400375,11.42959881,0.316076923
Luxembourg,2012,6.964097023,11.40205193,0.316076923
Luxembourg,2013,7.130809307,11.41483116,0.316076923
Luxembourg,2014,6.89112711,11.44737625,0.316076923
Luxembourg,2015,6.701571465,11.45199203,0.316076923
Luxembourg,2016,6.967340946,11.46080017,0.316076923
Luxembourg,2017,7.061380863,11.45400238,0.316076923
Luxembourg,2018,7.242630959,11.45392799,0.316076923
Macedonia,2007,4.493598461,9.257283211,0.390166667
Macedonia,2009,4.428021908,9.305205345,0.390166667
Macedonia,2010,4.180202007,9.337446213,0.390166667
Macedonia,2011,4.898180008,9.359781265,0.390166667
Macedonia,2012,4.639647484,9.354412079,0.390166667
Macedonia,2013,5.186190605,9.382424355,0.390166667
Macedonia,2014,5.203825951,9.41723156,0.390166667
Macedonia,2015,4.975589752,9.454055786,0.390166667
Macedonia,2016,5.34574604,9.481959343,0.390166667
Macedonia,2017,5.233866692,9.481223106,0.390166667
Macedonia,2018,5.239834785,9.503044128,0.390166667
Madagascar,2006,3.979751348,7.256494045,0.43075
Madagascar,2008,4.640079021,7.328450203,0.43075
Madagascar,2011,4.381415367,7.220770836,0.43075
Madagascar,2012,3.550609589,7.223259449,0.43075
Madagascar,2013,3.815607071,7.218430519,0.43075
Madagascar,2014,3.675626993,7.224040031,0.43075
Madagascar,2015,3.592514038,7.227784634,0.43075
Madagascar,2016,3.663085938,7.241845608,0.43075
Madagascar,2017,4.078620434,7.255901337,0.43075
Madagascar,2018,4.070586681,7.279894829,0.43075
Malawi,2006,3.829868078,6.750116348,0.427
Malawi,2007,4.89103651,6.811586857,0.427
Malawi,2009,5.148239613,6.903993607,0.427
Malawi,2011,3.946062565,6.957674503,0.427
Malawi,2012,4.279269695,6.946744442,0.427
Malawi,2013,4.035084248,6.968064308,0.427
Malawi,2014,4.563080311,6.994269848,0.427
Malawi,2015,3.86763835,6.992741108,0.427
Malawi,2016,3.476492643,6.988229752,0.427
Malawi,2017,3.416862965,6.998548031,0.427
Malawi,2018,3.334633589,7.005932331,0.427
Malaysia,2006,6.011716843,9.865335464,0.439833333
Malaysia,2007,6.238904476,9.908140182,0.439833333
Malaysia,2008,5.806781769,9.937267303,0.439833333
Malaysia,2009,5.384701729,9.90394783,0.439833333
Malaysia,2010,5.580281734,9.957372665,0.439833333
Malaysia,2011,5.786367416,9.990530968,0.439833333
Malaysia,2012,5.914283752,10.02529716,0.439833333
Malaysia,2013,5.770199776,10.05294991,0.439833333
Malaysia,2014,5.962921619,10.09388638,0.439833333
Malaysia,2015,6.322121143,10.12669563,0.439833333
Malaysia,2018,5.338817596,10.23550415,0.439833333
Mali,2006,4.014075756,7.486114502,0.372666667
Mali,2008,4.114664078,7.5004673,0.372666667
Mali,2009,3.976598501,7.513604641,0.372666667
Mali,2010,3.762305021,7.534754276,0.372666667
Mali,2011,4.666832924,7.536205292,0.372666667
Mali,2012,4.313016891,7.498283863,0.372666667
Mali,2013,3.676277161,7.492049217,0.372666667
Mali,2014,3.974714279,7.531102657,0.372666667
Mali,2015,4.582098484,7.559678555,0.372666667
Mali,2016,4.016027927,7.586338997,0.372666667
Mali,2017,4.741850376,7.608029842,0.372666667
Mali,2018,4.415729523,7.627428055,0.372666667
Malta,2009,6.32763958,10.22300243,0.2911
Malta,2010,5.77387476,10.25290394,0.2911
Malta,2011,6.154718399,10.2618084,0.2911
Malta,2012,5.962872028,10.27958298,0.2911
Malta,2013,6.379924774,10.31062222,0.2911
Malta,2014,6.45211792,10.36867332,0.2911
Malta,2015,6.61339426,10.43667412,0.2911
Malta,2016,6.590842247,10.46477127,0.2911
Malta,2017,6.675665855,10.50543213,0.2911
Malta,2018,6.909710884,,0.2911
Mauritania,2007,4.149043083,8.145737648,0.36875
Mauritania,2008,4.248075008,8.128241539,0.36875
Mauritania,2009,4.500431538,8.089199066,0.36875
Mauritania,2010,4.772306919,8.106808662,0.36875
Mauritania,2011,4.784804344,8.123259544,0.36875
Mauritania,2012,4.673203945,8.149764061,0.36875
Mauritania,2013,4.199015141,8.179065704,0.36875
Mauritania,2014,4.482805252,8.203957558,0.36875
Mauritania,2015,3.922664165,8.189137459,0.36875
Mauritania,2016,4.472149372,8.180959702,0.36875
Mauritania,2017,4.678159714,8.188031197,0.36875
Mauritania,2018,4.313615322,8.196549416,0.36875
Mauritius,2011,5.477073193,9.714852333,0.3575
Mauritius,2014,5.647779942,9.812241554,0.3575
Mauritius,2016,5.610003471,9.881625175,0.3575
Mauritius,2017,6.174117565,9.918018341,0.3575
Mauritius,2018,5.88174057,9.956447601,0.3575
Mexico,2005,6.580657959,9.667229652,0.4698
Mexico,2007,6.525378227,9.703312874,0.4698
Mexico,2008,6.829036236,9.698493004,0.4698
Mexico,2009,6.962819099,9.628098488,0.4698
Mexico,2010,6.802388668,9.662432671,0.4698
Mexico,2011,6.909515381,9.68342495,0.4698
Mexico,2012,7.320185184,9.704709053,0.4698
Mexico,2013,7.442546368,9.704125404,0.4698
Mexico,2014,6.679831028,9.718518257,0.4698
Mexico,2015,6.236287117,9.737350464,0.4698
Mexico,2016,6.824172974,9.753050804,0.4698
Mexico,2017,6.410299301,9.760567665,0.4698
Mexico,2018,6.549578667,9.769919395,0.4698
Moldova,2006,5.102071285,8.153647423,0.326058824
Moldova,2007,4.774918079,8.185523033,0.326058824
Moldova,2008,5.502756119,8.262534142,0.326058824
Moldova,2009,5.554374218,8.201921463,0.326058824
Moldova,2010,5.589736462,8.271512985,0.326058824
Moldova,2011,5.792262554,8.337878227,0.326058824
Moldova,2012,5.995712757,8.330985069,0.326058824
Moldova,2013,5.75605917,8.421093941,0.326058824
Moldova,2014,5.917058468,8.468586922,0.326058824
Moldova,2015,6.017472267,8.465222359,0.326058824
Moldova,2016,5.577784061,8.509845734,0.326058824
Moldova,2017,5.325530529,8.554483414,0.326058824
Moldova,2018,5.682277203,8.592376709,0.326058824
Mongolia,2007,4.609059334,8.86151123,0.334
Mongolia,2008,4.493010044,8.932804108,0.334
Mongolia,2010,4.585523605,8.950092316,0.334
Mongolia,2011,5.031173706,9.091724396,0.334
Mongolia,2012,4.885150433,9.188996315,0.334
Mongolia,2013,4.912928104,9.279871941,0.334
Mongolia,2014,4.824834824,9.336853981,0.334
Mongolia,2015,4.982719898,9.34241581,0.334
Mongolia,2016,5.056999683,9.337942123,0.334
Mongolia,2017,5.333850384,9.379310608,0.334
Mongolia,2018,5.464622974,9.41570282,0.334
Montenegro,2007,5.196315289,9.518014908,0.3094
Montenegro,2009,4.8010602,9.52413559,0.3094
Montenegro,2010,5.455030441,9.549280167,0.3094
Montenegro,2011,5.223116875,9.580003738,0.3094
Montenegro,2012,5.218724251,9.55154705,0.3094
Montenegro,2013,5.074341774,9.585445404,0.3094
Montenegro,2014,5.282720566,9.602154732,0.3094
Montenegro,2015,5.124921322,9.634936333,0.3094
Montenegro,2016,5.304066181,9.663771629,0.3094
Montenegro,2017,5.614798546,9.705602646,0.3094
Montenegro,2018,5.650189877,9.732954979,0.3094
Morocco,2010,4.383247375,8.770789146,0.402666667
Morocco,2011,5.084972858,8.808130264,0.402666667
Morocco,2012,4.969656467,8.823402405,0.402666667
Morocco,2013,5.142160416,8.853084564,0.402666667
Morocco,2015,5.163156986,8.895209312,0.402666667
Morocco,2016,5.38630724,8.893697739,0.402666667
Morocco,2017,5.312482834,8.920658112,0.402666667
Morocco,2018,4.896791935,8.937397957,0.402666667
Mozambique,2006,4.594879627,6.674469948,0.488666667
Mozambique,2007,4.832634926,6.71679163,0.488666667
Mozambique,2008,4.65358305,6.754052639,0.488666667
Mozambique,2011,4.971111774,6.861501217,0.488666667
Mozambique,2015,4.549767494,7.019495964,0.488666667
Mozambique,2017,4.279863358,7.035358906,0.488666667
Mozambique,2018,4.653713703,7.039377689,0.488666667
Myanmar,2012,4.438939571,8.330550194,0.381
Myanmar,2013,4.175670624,8.402433395,0.381
Myanmar,2014,4.786247253,8.470104218,0.381
Myanmar,2015,4.223846436,8.528500557,0.381
Myanmar,2016,4.623119831,8.576414108,0.381
Myanmar,2017,4.154341698,8.629019737,0.381
Myanmar,2018,4.410633087,8.685232162,0.381
Namibia,2007,4.885587215,8.999317169,0.611333333
Namibia,2014,4.573991299,9.171328545,0.611333333
Namibia,2017,4.441306114,9.163438797,0.611333333
Namibia,2018,4.834087849,9.15621376,0.611333333
Nepal,2006,4.566594601,7.450575829,0.383
Nepal,2007,4.74828434,7.47360611,0.383
Nepal,2008,4.440526485,7.522954464,0.383
Nepal,2009,4.91686821,7.557319164,0.383
Nepal,2010,4.349675179,7.593867779,0.383
Nepal,2011,3.809444666,7.616326809,0.383
Nepal,2012,4.233244896,7.651288509,0.383
Nepal,2013,4.604576588,7.679690838,0.383
Nepal,2014,4.975014687,7.725852966,0.383
Nepal,2015,4.812436581,7.746851921,0.383
Nepal,2016,5.099539757,7.739643097,0.383
Nepal,2017,4.736692429,7.80090189,0.383
Nepal,2018,4.910086632,7.851007462,0.383
Netherlands,2005,7.463979244,10.68068409,0.286333333
Netherlands,2007,7.451879501,10.74780178,0.286333333
Netherlands,2008,7.631011963,10.76075649,0.286333333
Netherlands,2010,7.501875877,10.72600937,0.286333333
Netherlands,2011,7.563797951,10.73784447,0.286333333
Netherlands,2012,7.470715523,10.72351742,0.286333333
Netherlands,2013,7.406550407,10.71866417,0.286333333
Netherlands,2014,7.32118845,10.72916317,0.286333333
Netherlands,2015,7.324437141,10.74708652,0.286333333
Netherlands,2016,7.540877342,10.76362324,0.286333333
Netherlands,2017,7.458965302,10.78875256,0.286333333
Netherlands,2018,7.463097095,10.8092041,0.286333333
New Zealand,2006,7.305014133,10.36624241,
New Zealand,2007,7.604173183,10.39383221,
New Zealand,2008,7.38117075,10.3697691,
New Zealand,2010,7.223756313,10.37720966,
New Zealand,2011,7.190638065,10.39618587,
New Zealand,2012,7.249629974,10.41539097,
New Zealand,2013,7.280151844,10.42768669,
New Zealand,2014,7.305892467,10.44741917,
New Zealand,2015,7.418120861,10.4719162,
New Zealand,2016,7.225687981,10.48504829,
New Zealand,2017,7.32718277,10.49365616,
New Zealand,2018,7.370285988,10.50147724,
Nicaragua,2006,4.460158348,8.259637833,0.4795
Nicaragua,2007,4.944090843,8.296050072,0.4795
Nicaragua,2008,5.103827477,8.316803932,0.4795
Nicaragua,2009,5.352804661,8.270522118,0.4795
Nicaragua,2010,5.68669939,8.30120182,0.4795
Nicaragua,2011,5.385705471,8.350311279,0.4795
Nicaragua,2012,5.448006153,8.401390076,0.4795
Nicaragua,2013,5.772274971,8.437874794,0.4795
Nicaragua,2014,6.275266647,8.473205566,0.4795
Nicaragua,2015,5.924112797,8.508540154,0.4795
Nicaragua,2016,6.012739658,8.542974472,0.4795
Nicaragua,2017,6.476356506,8.579500198,0.4795
Nicaragua,2018,5.81895256,8.614512444,0.4795
Niger,2006,3.736951828,6.6568923,0.36875
Niger,2007,4.277402401,6.65062809,0.36875
Niger,2008,4.235657215,6.704703808,0.36875
Niger,2009,4.267169952,6.659832001,0.36875
Niger,2010,4.101016045,6.702256203,0.36875
Niger,2011,4.555829525,6.68661499,0.36875
Niger,2012,3.798088312,6.760259628,0.36875
Niger,2013,3.716329813,6.773170471,0.36875
Niger,2014,4.180943489,6.807334423,0.36875
Niger,2015,3.671453714,6.81143856,0.36875
Niger,2016,4.234645844,6.821260452,0.36875
Niger,2017,4.615673542,6.830874443,0.36875
Niger,2018,5.164007187,6.844517708,0.36875
Nigeria,2006,4.709745884,8.383498192,0.4155
Nigeria,2007,4.890419483,8.42323494,0.4155
Nigeria,2008,4.938560486,8.457560539,0.4155
Nigeria,2009,4.980220318,8.497994423,0.4155
Nigeria,2010,4.760275841,8.546782494,0.4155
Nigeria,2012,5.492954254,8.582878113,0.4155
Nigeria,2013,4.81786871,8.608688354,0.4155
Nigeria,2015,4.932914734,8.64305687,0.4155
Nigeria,2016,5.219567776,8.60056591,0.4155
Nigeria,2017,5.321928024,8.582691193,0.4155
Nigeria,2018,5.252288342,8.577632904,0.4155
North Cyprus,2012,5.463305473,,
North Cyprus,2013,5.566802502,,
North Cyprus,2014,5.785978794,,
North Cyprus,2015,5.842550278,,
North Cyprus,2016,5.827127934,,
North Cyprus,2018,5.608056068,,
Norway,2006,7.415682316,11.06435585,0.272230769
Norway,2008,7.632287502,11.07575607,0.272230769
Norway,2012,7.678277016,11.05094433,0.272230769
Norway,2014,7.444470882,11.05752373,0.272230769
Norway,2015,7.603433609,11.06676769,0.272230769
Norway,2016,7.596331596,11.06912804,0.272230769
Norway,2017,7.578744888,11.07906151,0.272230769
Norway,2018,7.444262028,11.08562565,0.272230769
Oman,2011,6.852982044,10.64831161,
Pakistan,2005,5.224657536,8.297400475,0.315125
Pakistan,2007,5.671460629,8.363653183,0.315125
Pakistan,2008,4.413918972,8.360079765,0.315125
Pakistan,2009,5.208146572,8.367408752,0.315125
Pakistan,2010,5.786132813,8.362550735,0.315125
Pakistan,2011,5.267186165,8.368638039,0.315125
Pakistan,2012,5.131565094,8.38193512,0.315125
Pakistan,2013,5.138082504,8.403820992,0.315125
Pakistan,2014,5.435657978,8.428629875,0.315125
Pakistan,2015,4.823194981,8.45440197,0.315125
Pakistan,2016,5.548508167,8.488210678,0.315125
Pakistan,2017,5.830870628,8.524110794,0.315125
Pakistan,2018,5.471553802,8.561663628,0.315125
Palestinian Territories,2006,4.716387749,8.340203285,
Palestinian Territories,2007,4.151053905,8.297229767,
Palestinian Territories,2008,4.385603428,8.178587914,
Palestinian Territories,2009,4.470191479,8.339799881,
Palestinian Territories,2010,4.702603817,8.333919525,
Palestinian Territories,2011,4.751219749,8.379387856,
Palestinian Territories,2012,4.646608353,8.485044479,
Palestinian Territories,2013,4.844027996,8.411455154,
Palestinian Territories,2014,4.721938133,8.370901108,
Palestinian Territories,2015,4.695239067,8.458488464,
Palestinian Territories,2016,4.906618118,8.46180439,
Palestinian Territories,2017,4.62813282,,
Palestinian Territories,2018,4.5539217,,
Panama,2006,6.127988338,9.452153206,0.532647059
Panama,2007,6.894139767,9.547253609,0.532647059
Panama,2008,6.930903435,9.623327255,0.532647059
Panama,2009,7.033740044,9.617890358,0.532647059
Panama,2010,7.3214674,9.656857491,0.532647059
Panama,2011,7.24808073,9.746473312,0.532647059
Panama,2012,6.859835625,9.822350502,0.532647059
Panama,2013,6.86648035,9.871889114,0.532647059
Panama,2014,6.631171227,9.90438652,0.532647059
Panama,2015,6.605550289,9.942067146,0.532647059
Panama,2016,6.117638111,9.974536896,0.532647059
Panama,2017,6.567658901,10.01086235,0.532647059
Panama,2018,6.281434059,10.0497303,0.532647059
Paraguay,2006,4.730082035,8.75127697,0.5133125
Paraguay,2007,5.272461414,8.790002823,0.5133125
Paraguay,2008,5.570061684,8.838175774,0.5133125
Paraguay,2009,5.576147079,8.784451485,0.5133125
Paraguay,2010,5.841174126,8.894191742,0.5133125
Paraguay,2011,5.677080631,8.923278809,0.5133125
Paraguay,2012,5.820058346,8.897328377,0.5133125
Paraguay,2013,5.936240673,9.015202522,0.5133125
Paraguay,2014,5.118641853,9.048003197,0.5133125
Paraguay,2015,5.559724331,9.06407547,0.5133125
Paraguay,2016,5.801380157,9.090585709,0.5133125
Paraguay,2017,5.71329546,9.085571289,0.5133125
Peru,2006,4.810845375,8.995648384,0.479647059
Peru,2007,5.213962078,9.065208435,0.479647059
Peru,2008,5.129230976,9.140277863,0.479647059
Peru,2009,5.518846989,9.138702393,0.479647059
Peru,2010,5.612785339,9.205986977,0.479647059
Peru,2011,5.892457485,9.254270554,0.479647059
Peru,2012,5.824557304,9.300539017,0.479647059
Peru,2013,5.782557487,9.344018936,0.479647059
Peru,2014,5.865815639,9.354252815,0.479647059
Peru,2015,5.577263355,9.373311996,0.479647059
Peru,2016,5.700628757,9.399485588,0.479647059
Peru,2017,5.710936546,9.412195206,0.479647059
Peru,2018,5.679661274,9.434348106,0.479647059
Philippines,2006,4.669945717,8.505444527,
Philippines,2007,5.073562145,8.552754402,
Philippines,2008,4.589065075,8.577241898,
Philippines,2009,4.879910946,8.572602272,
Philippines,2010,4.941514015,8.629957199,
Philippines,2011,4.993956566,8.649484634,
Philippines,2012,5.001965046,8.697647095,
Philippines,2013,4.976925373,8.749375343,
Philippines,2014,5.312550068,8.792685509,
Philippines,2015,5.547489166,8.835586548,
Philippines,2016,5.430832863,8.886437416,
Philippines,2017,5.594270229,8.935796738,
Philippines,2018,5.869172573,8.985702515,
Poland,2005,5.587209225,9.752287865,
Poland,2007,5.886137486,9.881410599,
Poland,2009,5.772027493,9.950027466,
Poland,2010,5.887029648,9.98831749,
Poland,2011,5.646204948,10.03673458,
Poland,2012,5.87593174,10.05268764,
Poland,2013,5.746131897,10.06711483,
Poland,2014,5.750282288,10.10016727,
Poland,2015,6.007021904,10.13855839,
Poland,2016,6.162076473,10.16722965,
Poland,2017,6.201268196,10.21157646,
Portugal,2006,5.405246258,10.2020216,0.367538462
Portugal,2008,5.716966629,10.22522259,0.367538462
Portugal,2010,5.094525814,10.21238518,0.367538462
Portugal,2011,5.219997883,10.19541836,0.367538462
Portugal,2012,4.993962288,10.15835667,0.367538462
Portugal,2013,5.157688141,10.15247917,0.367538462
Portugal,2014,5.12691164,10.16676331,0.367538462
Portugal,2015,5.080866337,10.18896103,0.367538462
Portugal,2016,5.446637154,10.20817947,0.367538462
Portugal,2017,5.711499214,10.23770332,0.367538462
Portugal,2018,5.919822693,10.26201248,0.367538462
Qatar,2009,6.417824268,11.67048359,
Qatar,2010,6.849652767,11.73719501,
Qatar,2011,6.591604233,11.77027607,
Qatar,2012,6.611298561,11.73848248,
Qatar,2015,6.374529362,11.6931572,
Romania,2005,5.048648357,9.587582588,0.3658
Romania,2007,5.393723965,9.752139091,0.3658
Romania,2009,5.367565155,9.795575142,0.3658
Romania,2010,4.909165859,9.772995949,0.3658
Romania,2011,5.02275753,9.798009872,0.3658
Romania,2012,5.166874886,9.814766884,0.3658
Romania,2013,5.081584454,9.853186607,0.3658
Romania,2014,5.726893425,9.887231827,0.3658
Romania,2015,5.777491093,9.930908203,0.3658
Romania,2016,5.96887064,9.983716965,0.3658
Romania,2017,6.089904785,10.05677509,0.3658
Romania,2018,6.150878906,10.11209297,0.3658
Russia,2006,4.963742733,9.950857162,0.3975
Russia,2007,5.222867489,10.03447056,0.3975
Russia,2008,5.61875391,10.08605862,0.3975
Russia,2009,5.158227921,10.0043211,0.3975
Russia,2010,5.384773254,10.047925,0.3975
Russia,2011,5.388766289,10.09864521,0.3975
Russia,2012,5.620735645,10.13286877,0.3975
Russia,2013,5.537177563,10.14843559,0.3975
Russia,2014,6.036976814,10.13794994,0.3975
Russia,2015,5.995538712,10.10710335,0.3975
Russia,2016,5.85494566,10.10301971,0.3975
Russia,2017,5.578742981,10.11722469,0.3975
Russia,2018,5.513500214,10.13239002,0.3975
Rwanda,2006,4.21470356,7.015327454,0.482
Rwanda,2008,4.362988949,7.141649723,0.482
Rwanda,2009,4.029761791,7.174898624,0.482
Rwanda,2011,4.097435951,7.27022171,0.482
Rwanda,2012,3.333047867,7.327535152,0.482
Rwanda,2013,3.466387749,7.347784042,0.482
Rwanda,2014,3.595678329,7.396255016,0.482
Rwanda,2015,3.483108997,7.456479549,0.482
Rwanda,2016,3.332989931,7.490113258,0.482
Rwanda,2017,3.10837388,7.525214672,0.482
Rwanda,2018,3.5610466,7.567531109,0.482
Saudi Arabia,2005,7.079644203,10.72631359,
Saudi Arabia,2007,7.266694069,10.71730518,
Saudi Arabia,2008,6.811370373,10.75104046,
Saudi Arabia,2009,6.14759016,10.70282841,
Saudi Arabia,2010,6.307098389,10.72373486,
Saudi Arabia,2011,6.699789524,10.78982639,
Saudi Arabia,2012,6.396359444,10.8129282,
Saudi Arabia,2013,6.495132923,10.81048679,
Saudi Arabia,2014,6.27837801,10.81894684,
Saudi Arabia,2015,6.345491886,10.83414841,
Saudi Arabia,2016,6.473921299,10.8282032,
Saudi Arabia,2017,6.294282436,10.80050182,
Saudi Arabia,2018,6.356393337,10.79797173,
Senegal,2006,4.417352676,7.6508708,0.402333333
Senegal,2007,4.679986954,7.672031879,0.402333333
Senegal,2008,4.683499813,7.680748463,0.402333333
Senegal,2009,4.335114002,7.676658154,0.402333333
Senegal,2010,4.372156143,7.688910961,0.402333333
Senegal,2011,3.834201574,7.677021027,0.402333333
Senegal,2012,3.668736935,7.690368176,0.402333333
Senegal,2013,3.647367001,7.694376469,0.402333333
Senegal,2014,4.394777298,7.704609871,0.402333333
Senegal,2015,4.61700058,7.737988472,0.402333333
Senegal,2016,4.59453392,7.774625301,0.402333333
Senegal,2017,4.683024883,7.812208176,0.402333333
Senegal,2018,4.769377232,7.850693703,0.402333333
Serbia,2007,4.750383854,9.409686089,
Serbia,2009,4.380311966,9.438573837,
Serbia,2010,4.461304188,9.448421478,
Serbia,2011,4.815186501,9.470233917,
Serbia,2012,5.154521942,9.464881897,
Serbia,2013,5.101840496,9.495140076,
Serbia,2014,5.112728596,9.481352806,
Serbia,2015,5.317685127,9.493848801,
Serbia,2016,5.752754688,9.526675224,
Serbia,2017,5.122031212,9.550297737,
Serbia,2018,5.936493397,9.584803581,
Sierra Leone,2006,3.628185034,6.975739002,0.371
Sierra Leone,2007,3.585127354,7.025130272,0.371
Sierra Leone,2008,2.997251034,7.053083897,0.371
Sierra Leone,2010,4.133955956,7.09006834,0.371
Sierra Leone,2011,4.501643658,7.127896786,0.371
Sierra Leone,2013,4.514291286,7.411629677,0.371
Sierra Leone,2014,4.499970436,7.433750629,0.371
Sierra Leone,2015,4.908617973,7.181039333,0.371
Sierra Leone,2016,4.732953072,7.218076706,0.371
Sierra Leone,2017,4.089562416,7.237275124,0.371
Sierra Leone,2018,4.305683136,7.26616621,0.371
Singapore,2006,6.462702751,11.08806515,
Singapore,2007,6.833754539,11.13360596,
Singapore,2008,6.641956806,11.09810925,
Singapore,2009,6.144676685,11.06189728,
Singapore,2010,6.531401634,11.18602848,
Singapore,2011,6.561041832,11.22675133,
Singapore,2013,6.53320694,11.27589321,
Singapore,2014,7.062364578,11.30101299,
Singapore,2015,6.619524956,11.31131172,
Singapore,2016,6.033480644,11.3220253,
Singapore,2017,6.378437996,11.35668564,
Singapore,2018,6.374564171,,
Slovakia,2006,5.264676571,9.985628128,0.26725
Slovakia,2010,6.052223206,10.13297367,0.26725
Slovakia,2011,5.945048332,10.15948582,0.26725
Slovakia,2012,5.91105938,10.17421913,0.26725
Slovakia,2013,5.936527252,10.18794155,0.26725
Slovakia,2014,6.1388731,10.21410275,0.26725
Slovakia,2015,6.162004471,10.25093079,0.26725
Slovakia,2016,5.993163109,10.28234768,0.26725
Slovakia,2017,6.365509033,10.31411076,0.26725
Slovakia,2018,6.23511076,10.35223579,0.26725
Slovenia,2006,5.811264515,10.25376892,0.2495
Slovenia,2009,5.830160618,10.2559576,0.2495
Slovenia,2010,6.082555294,10.26389885,0.2495
Slovenia,2011,6.035964012,10.26829433,0.2495
Slovenia,2012,6.062891006,10.23913479,0.2495
Slovenia,2013,5.974888802,10.22639275,0.2495
Slovenia,2014,5.678395271,10.25476551,0.2495
Slovenia,2015,5.740642071,10.27635193,0.2495
Slovenia,2016,5.936821461,10.30661774,0.2495
Slovenia,2017,6.166837692,10.35458946,0.2495
Slovenia,2018,6.249419212,10.39720345,0.2495
Somalia,2014,5.528272629,,
Somalia,2015,5.353644848,,
Somalia,2016,4.667941093,,
Somaliland region,2009,4.991399765,,
Somaliland region,2010,4.657363415,,
Somaliland region,2011,4.930571556,,
Somaliland region,2012,5.057314396,,
South Africa,2006,5.083986759,9.329185486,0.624
South Africa,2007,5.204454422,9.370872498,0.624
South Africa,2008,5.346306801,9.391816139,0.624
South Africa,2009,5.218430996,9.365294456,0.624
South Africa,2010,4.652428627,9.383268356,0.624
South Africa,2011,4.930511475,9.402507782,0.624
South Africa,2012,5.133887768,9.410440445,0.624
South Africa,2013,3.660727262,9.42057991,0.624
South Africa,2014,4.828456402,9.424621582,0.624
South Africa,2015,4.887325764,9.423648834,0.624
South Africa,2016,4.769739628,9.416272163,0.624
South Africa,2017,4.513655186,9.416937828,0.624
South Africa,2018,4.8839221,9.411724091,0.624
South Korea,2006,5.332177639,10.19230747,0.319
South Korea,2007,5.76727581,10.24044895,0.319
South Korea,2008,5.389624596,10.26075554,0.319
South Korea,2009,5.647689819,10.26265907,0.319
South Korea,2010,6.116024494,10.32062149,0.319
South Korea,2011,6.946599007,10.34908676,0.319
South Korea,2012,6.003286839,10.36649513,0.319
South Korea,2013,5.958809853,10.39049339,0.319
South Korea,2014,5.801325321,10.41707993,0.319
South Korea,2015,5.780211449,10.43932724,0.319
South Korea,2016,5.970564365,10.46368599,0.319
South Korea,2017,5.873887062,10.48956108,0.319
South Korea,2018,5.840231419,10.51157761,0.319
South Sudan,2014,3.831992388,7.568316936,0.463
South Sudan,2015,4.070771217,7.536566734,0.463
South Sudan,2016,2.888112307,7.35875988,0.463
South Sudan,2017,2.816622496,,0.463
Spain,2005,7.152785778,10.40128803,0.345384615
Spain,2007,6.994614601,10.44376469,0.345384615
Spain,2008,7.294472694,10.43892574,0.345384615
Spain,2009,6.198601246,10.39367676,0.345384615
Spain,2010,6.188262463,10.38921356,0.345384615
Spain,2011,6.518249035,10.37562275,0.345384615
Spain,2012,6.290690422,10.34525871,0.345384615
Spain,2013,6.150027275,10.33133125,0.345384615
Spain,2014,6.456477642,10.34802628,0.345384615
Spain,2015,6.380663395,10.38254833,0.345384615
Spain,2016,6.318612099,10.41392422,0.345384615
Spain,2017,6.230173111,10.4420948,0.345384615
Spain,2018,6.513370991,10.46559429,0.345384615
Sri Lanka,2006,4.344610691,8.84235096,0.3934
Sri Lanka,2007,4.414805412,8.900984764,0.3934
Sri Lanka,2008,4.430846214,8.951989174,0.3934
Sri Lanka,2009,4.212026596,8.980307579,0.3934
Sri Lanka,2010,3.976905107,9.051294327,0.3934
Sri Lanka,2011,4.180569172,9.126236916,0.3934
Sri Lanka,2012,4.224593163,9.208340645,0.3934
Sri Lanka,2013,4.364694118,9.233931541,0.3934
Sri Lanka,2014,4.267932892,9.273351669,0.3934
Sri Lanka,2015,4.611606598,9.312870979,0.3934
Sri Lanka,2017,4.330945492,9.364697456,0.3934
Sri Lanka,2018,4.400223255,9.400387764,0.3934
Sudan,2009,4.454917431,8.113195419,0.354
Sudan,2010,4.435159683,8.121508598,0.354
Sudan,2011,4.314456463,8.197445869,0.354
Sudan,2012,4.550499439,8.318027496,0.354
Sudan,2014,4.138672829,8.340058327,0.354
Suriname,2012,6.269286633,9.624583244,
Swaziland,2011,4.867091179,8.898911476,0.523
Swaziland,2018,4.211565018,8.946770668,0.523
Sweden,2005,7.376315594,10.62685585,0.274153846
Sweden,2007,7.241362572,10.69311428,0.274153846
Sweden,2008,7.51599741,10.67973709,0.274153846
Sweden,2009,7.265977383,10.61797905,0.274153846
Sweden,2010,7.496018887,10.66761875,0.274153846
Sweden,2011,7.382232189,10.68636227,0.274153846
Sweden,2012,7.560147762,10.67609787,0.274153846
Sweden,2013,7.434010506,10.6799593,0.274153846
Sweden,2014,7.239147663,10.69574738,0.274153846
Sweden,2015,7.28892231,10.72939968,0.274153846
Sweden,2016,7.368744373,10.74867249,0.274153846
Sweden,2017,7.286804676,10.75682354,0.274153846
Sweden,2018,7.374792099,10.76693249,0.274153846
Switzerland,2006,7.473252773,10.90654278,0.3281
Switzerland,2009,7.524520874,10.91154766,0.3281
Switzerland,2012,7.776208878,10.93577576,0.3281
Switzerland,2014,7.492803574,10.95462418,0.3281
Switzerland,2015,7.572136879,10.95543003,0.3281
Switzerland,2016,7.458519936,10.95817471,0.3281
Switzerland,2017,7.473593235,10.95797634,0.3281
Switzerland,2018,7.508586884,10.97594547,0.3281
Syria,2008,5.32333231,8.556605339,0.358
Syria,2009,4.978970528,8.559391975,0.358
Syria,2010,4.464707851,8.636469841,0.358
Syria,2011,4.037889481,8.636973381,0.358
Syria,2012,3.164491177,8.474884033,0.358
Syria,2013,2.687552929,8.307246208,0.358
Syria,2015,3.46191287,,0.358
Taiwan Province of China,2006,6.189050198,10.52130795,
Taiwan Province of China,2008,5.547682285,10.51287079,
Taiwan Province of China,2010,6.228530884,10.59568405,
Taiwan Province of China,2011,6.308915138,10.60924911,
Taiwan Province of China,2012,6.125916958,10.61984253,
Taiwan Province of China,2013,6.340344429,10.65422249,
Taiwan Province of China,2014,6.36349678,10.69936085,
Taiwan Province of China,2015,6.450088024,,
Taiwan Province of China,2016,6.512850761,,
Taiwan Province of China,2017,6.359450817,,
Taiwan Province of China,2018,6.467004776,,
Tajikistan,2006,4.613099098,7.488914967,0.3266
Tajikistan,2007,4.431608677,7.542566299,0.3266
Tajikistan,2008,5.063986778,7.596840858,0.3266
Tajikistan,2009,4.575174809,7.61207056,0.3266
Tajikistan,2010,4.380636215,7.652706623,0.3266
Tajikistan,2011,4.262671471,7.701540947,0.3266
Tajikistan,2012,4.496571541,7.751204014,0.3266
Tajikistan,2013,4.966521263,7.799993992,0.3266
Tajikistan,2014,4.896157742,7.842475414,0.3266
Tajikistan,2015,5.124210835,7.878757477,0.3266
Tajikistan,2016,5.103721142,7.923922062,0.3266
Tajikistan,2017,5.829234123,7.971400738,0.3266
Tanzania,2006,3.922484159,7.521644115,0.384666667
Tanzania,2007,4.317949772,7.571725368,0.384666667
Tanzania,2008,4.384741783,7.594338417,0.384666667
Tanzania,2009,3.407507896,7.615106106,0.384666667
Tanzania,2010,3.229129076,7.645198345,0.384666667
Tanzania,2011,4.073562145,7.689888954,0.384666667
Tanzania,2012,4.006897449,7.708782673,0.384666667
Tanzania,2013,3.852394819,7.747787952,0.384666667
Tanzania,2014,3.483278513,7.784098148,0.384666667
Tanzania,2015,3.660597324,7.820422173,0.384666667
Tanzania,2016,2.90273428,7.856935024,0.384666667
Tanzania,2017,3.347121239,7.894804001,0.384666667
Tanzania,2018,3.445023298,7.928911209,0.384666667
Thailand,2006,5.88543272,9.394716263,0.396692308
Thailand,2007,5.783891201,9.442013741,0.396692308
Thailand,2008,5.636471272,9.453847885,0.396692308
Thailand,2009,5.475645065,9.441878319,0.396692308
Thailand,2010,6.216702938,9.509449005,0.396692308
Thailand,2011,6.663609028,9.513044357,0.396692308
Thailand,2012,6.300235271,9.578331947,0.396692308
Thailand,2013,6.231024742,9.600452423,0.396692308
Thailand,2014,6.985463619,9.606240273,0.396692308
Thailand,2015,6.201762676,9.632480621,0.396692308
Thailand,2016,6.07363987,9.661786079,0.396692308
Thailand,2017,5.938895226,9.69754982,0.396692308
Thailand,2018,6.011561871,9.734828949,0.396692308
Togo,2006,3.202429295,7.086520672,0.437666667
Togo,2008,2.807855129,7.077161789,0.437666667
Togo,2011,2.936220884,7.117882252,0.437666667
Togo,2014,2.83895874,7.181850433,0.437666667
Togo,2015,3.768301964,7.208640099,0.437666667
Togo,2016,3.878578424,7.235976696,0.437666667
Togo,2017,4.360805035,7.26529932,0.437666667
Togo,2018,4.022894859,7.287405491,0.437666667
Trinidad and Tobago,2006,5.832188606,10.30151081,
Trinidad and Tobago,2008,6.696444035,10.37195969,
Trinidad and Tobago,2011,6.518745899,10.3421526,
Trinidad and Tobago,2013,6.167706966,10.35473633,
Trinidad and Tobago,2017,6.191859722,10.26684761,
Tunisia,2009,5.025470257,9.229709625,0.381
Tunisia,2010,5.130520821,9.253051758,0.381
Tunisia,2011,4.87648201,9.222335815,0.381
Tunisia,2012,4.463531017,9.249967575,0.381
Tunisia,2013,5.245604992,9.266637802,0.381
Tunisia,2014,4.763594627,9.284243584,0.381
Tunisia,2015,5.131611824,9.284137726,0.381
Tunisia,2016,4.521453381,9.283731461,0.381
Tunisia,2017,4.124342918,9.291855812,0.381
Tunisia,2018,4.741132259,9.304473877,0.381
Turkey,2005,4.718733788,9.699514389,0.4058
Turkey,2007,5.623471737,9.792638779,0.4058
Turkey,2008,5.118231773,9.789019585,0.4058
Turkey,2009,5.212841511,9.72814846,0.4058
Turkey,2010,5.490347385,9.795861244,0.4058
Turkey,2011,5.271944046,9.886386871,0.4058
Turkey,2012,5.309076309,9.917490959,0.4058
Turkey,2013,4.888177395,9.982795715,0.4058
Turkey,2014,5.579794407,10.01690006,0.4058
Turkey,2015,5.514465332,10.05999851,0.4058
Turkey,2016,5.326221943,10.07561111,0.4058
Turkey,2017,5.607262135,10.13179111,0.4058
Turkey,2018,5.185689449,10.1489172,0.4058
Turkmenistan,2009,6.567713261,9.132258415,
Turkmenistan,2011,5.791754723,9.324788094,
Turkmenistan,2012,5.463827133,9.412086487,
Turkmenistan,2013,5.391762733,9.490698814,
Turkmenistan,2014,5.787379265,9.570275307,
Turkmenistan,2015,5.791460037,9.615293503,
Turkmenistan,2016,5.887051582,9.658122063,
Turkmenistan,2017,5.229148865,9.704366684,
Turkmenistan,2018,4.620601654,9.749464035,
Uganda,2006,3.733583927,7.176576614,0.4322
Uganda,2007,4.45583868,7.222766399,0.4322
Uganda,2008,4.568619251,7.271780491,0.4322
Uganda,2009,4.611985683,7.303188324,0.4322
Uganda,2010,4.192882061,7.32374239,0.4322
Uganda,2011,4.826001167,7.379348278,0.4322
Uganda,2012,4.309237957,7.383019924,0.4322
Uganda,2013,3.709578753,7.384492874,0.4322
Uganda,2014,3.769919157,7.400788784,0.4322
Uganda,2015,4.237686634,7.418150902,0.4322
Uganda,2016,4.233261108,7.430756092,0.4322
Uganda,2017,4.000516891,7.437033653,0.4322
Uganda,2018,4.321714878,7.45870924,0.4322
Ukraine,2006,4.803954124,8.965472221,0.265
Ukraine,2007,5.25218153,9.047475815,0.265
Ukraine,2008,5.172380447,9.075629234,0.265
Ukraine,2009,5.1656394,8.91989994,0.265
Ukraine,2010,5.057561398,8.965014458,0.265
Ukraine,2011,5.083132744,9.021823883,0.265
Ukraine,2012,5.030342102,9.026679039,0.265
Ukraine,2013,4.710802555,9.028688431,0.265
Ukraine,2014,4.297329903,9.017176628,0.265
Ukraine,2015,3.964542866,8.917972565,0.265
Ukraine,2016,4.028690338,8.944818497,0.265
Ukraine,2017,4.311067104,8.973908424,0.265
Ukraine,2018,4.661909103,9.012026787,0.265
United Arab Emirates,2006,6.734221935,11.38607311,
United Arab Emirates,2009,6.866062641,11.01484966,
United Arab Emirates,2010,7.097455502,10.95487881,
United Arab Emirates,2011,7.118701458,10.97444916,
United Arab Emirates,2012,7.217766762,10.99237061,
United Arab Emirates,2013,6.620951176,11.02985096,
United Arab Emirates,2014,6.539854527,11.06575012,
United Arab Emirates,2015,6.568397522,11.10599995,
United Arab Emirates,2016,6.83095026,11.12292957,
United Arab Emirates,2017,7.039419651,11.11681843,
United Arab Emirates,2018,6.603743553,11.12767792,
United Kingdom,2005,6.983556747,10.5229826,0.341083333
United Kingdom,2007,6.801930904,10.55540276,0.341083333
United Kingdom,2008,6.986463547,10.54279518,0.341083333
United Kingdom,2009,6.90654707,10.49245167,0.341083333
United Kingdom,2010,7.029364109,10.50141621,0.341083333
United Kingdom,2011,6.869248867,10.50802135,0.341083333
United Kingdom,2012,6.880784035,10.51577282,0.341083333
United Kingdom,2013,6.918055058,10.52939415,0.341083333
United Kingdom,2014,6.758147717,10.55194569,0.341083333
United Kingdom,2015,6.515445232,10.56718445,0.341083333
United Kingdom,2016,6.8242836,10.57921696,0.341083333
United Kingdom,2017,7.103273392,10.59044647,0.341083333
United Kingdom,2018,7.233445168,10.59694767,0.341083333
United States,2006,7.18179369,10.83168602,0.408166667
United States,2007,7.512687683,10.83980465,0.408166667
United States,2008,7.280385971,10.82742596,0.408166667
United States,2009,7.158032417,10.79051113,0.408166667
United States,2010,7.16361618,10.80718327,0.408166667
United States,2011,7.115138531,10.81564426,0.408166667
United States,2012,7.026226997,10.83013153,0.408166667
United States,2013,7.249285221,10.83965302,0.408166667
United States,2014,7.151114464,10.85749722,0.408166667
United States,2015,6.863946915,10.8781538,0.408166667
United States,2016,6.803599834,10.88555431,0.408166667
United States,2017,6.9917593,10.90090561,0.408166667
United States,2018,6.882684708,10.92246532,0.408166667
Uruguay,2006,5.785868168,9.509374619,0.427363636
Uruguay,2007,5.693945885,9.570131302,0.427363636
Uruguay,2008,5.663869858,9.63612175,0.427363636
Uruguay,2009,6.296222687,9.674126625,0.427363636
Uruguay,2010,6.062010765,9.745803833,0.427363636
Uruguay,2011,6.554047108,9.79282093,0.427363636
Uruguay,2012,6.449728489,9.824302673,0.427363636
Uruguay,2013,6.444464684,9.866334915,0.427363636
Uruguay,2014,6.561443806,9.894828796,0.427363636
Uruguay,2015,6.628080368,9.8950243,0.427363636
Uruguay,2016,6.171485424,9.908158302,0.427363636
Uruguay,2017,6.336009979,9.930685043,0.427363636
Uruguay,2018,6.371714592,9.959661484,0.427363636
Uzbekistan,2006,5.232322216,8.087400436,0.348
Uzbekistan,2008,5.311368465,8.237883568,0.348
Uzbekistan,2009,5.26072073,8.29889679,0.348
Uzbekistan,2010,5.095342159,8.352248192,0.348
Uzbekistan,2011,5.738744259,8.405142784,0.348
Uzbekistan,2012,6.019331932,8.469233513,0.348
Uzbekistan,2013,5.939986229,8.530575752,0.348
Uzbekistan,2014,6.049212456,8.588744164,0.348
Uzbekistan,2015,5.972364426,8.648262978,0.348
Uzbekistan,2016,5.892539024,8.705982208,0.348
Uzbekistan,2017,6.421447754,8.740833282,0.348
Uzbekistan,2018,6.205460072,8.773365021,0.348
Venezuela,2005,7.169620991,9.612340927,0.497166667
Venezuela,2006,6.525146008,9.689642906,0.497166667
Venezuela,2008,6.257771492,9.792393684,0.497166667
Venezuela,2009,7.188803196,9.744135857,0.497166667
Venezuela,2010,7.47845459,9.713837624,0.497166667
Venezuela,2011,6.579789162,9.739870071,0.497166667
Venezuela,2012,7.066577435,9.780121803,0.497166667
Venezuela,2013,6.552796364,9.779354095,0.497166667
Venezuela,2014,6.136096478,9.725855827,0.497166667
Venezuela,2015,5.568800449,9.655211449,0.497166667
Venezuela,2016,4.041114807,9.534058571,0.497166667
Venezuela,2017,5.070750713,9.439295769,0.497166667
Venezuela,2018,5.005663395,9.270280838,0.497166667
Vietnam,2006,5.293659687,8.191375732,0.36275
Vietnam,2007,5.421687603,8.250945091,0.36275
Vietnam,2008,5.480425358,8.296536446,0.36275
Vietnam,2009,5.304264545,8.339266777,0.36275
Vietnam,2010,5.295780659,8.391214371,0.36275
Vietnam,2011,5.767344475,8.440909386,0.36275
Vietnam,2012,5.53456974,8.480765343,0.36275
Vietnam,2013,5.022698879,8.522068977,0.36275
Vietnam,2014,5.084923267,8.568803787,0.36275
Vietnam,2015,5.076315403,8.62242794,0.36275
Vietnam,2016,5.062267303,8.67208004,0.36275
Vietnam,2017,5.175278664,8.727759361,0.36275
Vietnam,2018,5.295547009,8.783415794,0.36275
Yemen,2007,4.477132797,8.340983391,0.357
Yemen,2009,4.809258938,8.360027313,0.357
Yemen,2010,4.35031271,8.407097816,0.357
Yemen,2011,3.746255636,8.244133949,0.357
Yemen,2012,4.060600758,8.241021156,0.357
Yemen,2013,4.217678547,8.26172924,0.357
Yemen,2014,3.967957973,8.233982086,0.357
Yemen,2015,2.982673883,7.744412422,0.357
Yemen,2016,3.825630903,7.299221039,0.357
Yemen,2017,3.253560066,,0.357
Yemen,2018,3.057513952,,0.357
Zambia,2006,4.824454784,7.866006374,0.5274
Zambia,2007,3.998293161,7.918941021,0.5274
Zambia,2008,4.730263233,7.966174603,0.5274
Zambia,2009,5.260360718,8.026192665,0.5274
Zambia,2011,4.99911356,8.120027542,0.5274
Zambia,2012,5.013374805,8.163204193,0.5274
Zambia,2013,5.243995667,8.182190895,0.5274
Zambia,2014,4.345837116,8.197677612,0.5274
Zambia,2015,4.843164444,8.196216583,0.5274
Zambia,2016,4.347543716,8.203071594,0.5274
Zambia,2017,3.932777405,8.213178635,0.5274
Zambia,2018,4.041488171,8.223958015,0.5274
Zimbabwe,2006,3.826268435,7.36670351,0.432
Zimbabwe,2007,3.280246735,7.313939095,0.432
Zimbabwe,2008,3.174263716,7.102516174,0.432
Zimbabwe,2009,4.055914402,7.197594643,0.432
Zimbabwe,2010,4.681569576,7.296329975,0.432
Zimbabwe,2011,4.845641613,7.418863773,0.432
Zimbabwe,2012,4.955100536,7.534424305,0.432
Zimbabwe,2013,4.690187931,7.565153599,0.432
Zimbabwe,2014,4.184450626,7.562753201,0.432
Zimbabwe,2015,3.70319128,7.556051731,0.432
Zimbabwe,2016,3.7354002,7.538829327,0.432
Zimbabwe,2017,3.63830018,7.549490929,0.432
Zimbabwe,2018,3.616479874,7.553394794,0.432
