pupil,school,extrav,gender,ses,popular,extrav_c,ses_c,gender_c
1,1,5,1,24,6.3,-0.215,9.737,0.5
2,1,7,0,24,4.9,1.785,9.737,-0.5
3,1,4,1,24,5.3,-1.215,9.737,0.5
4,1,3,1,24,4.7,-2.215,9.737,0.5
5,1,5,1,24,6,-0.215,9.737,0.5
6,1,4,0,24,4.7,-1.215,9.737,-0.5
7,1,5,0,24,5.9,-0.215,9.737,-0.5
8,1,4,0,24,4.2,-1.215,9.737,-0.5
9,1,5,0,24,5.2,-0.215,9.737,-0.5
10,1,5,0,24,3.9,-0.215,9.737,-0.5
11,1,5,1,24,5.7,-0.215,9.737,0.5
12,1,5,1,24,4.8,-0.215,9.737,0.5
13,1,5,0,24,5,-0.215,9.737,-0.5
14,1,5,1,24,5.5,-0.215,9.737,0.5
15,1,5,1,24,6,-0.215,9.737,0.5
16,1,6,1,24,5.7,0.785,9.737,0.5
17,1,4,0,24,3.2,-1.215,9.737,-0.5
18,1,4,0,24,3.1,-1.215,9.737,-0.5
19,1,7,1,24,6.6,1.785,9.737,0.5
20,1,4,0,24,4.8,-1.215,9.737,-0.5
1,2,8,1,14,6.4,2.785,-0.263,0.5
2,2,4,0,14,2.4,-1.215,-0.263,-0.5
3,2,6,0,14,3.7,0.785,-0.263,-0.5
4,2,5,1,14,4.4,-0.215,-0.263,0.5
5,2,5,1,14,4.3,-0.215,-0.263,0.5
6,2,5,0,14,4,-0.215,-0.263,-0.5
7,2,4,1,14,3.8,-1.215,-0.263,0.5
8,2,5,0,14,4.2,-0.215,-0.263,-0.5
9,2,6,1,14,5.1,0.785,-0.263,0.5
10,2,4,1,14,4.1,-1.215,-0.263,0.5
11,2,6,1,14,4.6,0.785,-0.263,0.5
12,2,4,0,14,4.9,-1.215,-0.263,-0.5
13,2,4,0,14,3.1,-1.215,-0.263,-0.5
14,2,3,0,14,3.2,-2.215,-0.263,-0.5
15,2,6,0,14,4.4,0.785,-0.263,-0.5
16,2,5,1,14,3.7,-0.215,-0.263,0.5
17,2,5,1,14,6.1,-0.215,-0.263,0.5
18,2,3,1,14,3.5,-2.215,-0.263,0.5
19,2,4,0,14,2.9,-1.215,-0.263,-0.5
20,2,5,0,14,3.3,-0.215,-0.263,-0.5
1,3,5,0,13,4.2,-0.215,-1.263,-0.5
2,3,5,1,13,6,-0.215,-1.263,0.5
3,3,4,1,13,4.6,-1.215,-1.263,0.5
4,3,4,1,13,4.9,-1.215,-1.263,0.5
5,3,6,0,13,4.7,0.785,-1.263,-0.5
6,3,5,1,13,4.8,-0.215,-1.263,0.5
7,3,5,0,13,2.8,-0.215,-1.263,-0.5
8,3,7,1,13,6.7,1.785,-1.263,0.5
9,3,4,1,13,4.9,-1.215,-1.263,0.5
10,3,7,1,13,6.3,1.785,-1.263,0.5
11,3,6,1,13,5.6,0.785,-1.263,0.5
12,3,4,1,13,3.1,-1.215,-1.263,0.5
13,3,5,1,13,3.5,-0.215,-1.263,0.5
14,3,4,1,13,4.7,-1.215,-1.263,0.5
15,3,6,0,13,4.3,0.785,-1.263,-0.5
16,3,7,0,13,4.9,1.785,-1.263,-0.5
17,3,6,1,13,5.9,0.785,-1.263,0.5
18,3,4,0,13,2.6,-1.215,-1.263,-0.5
1,4,3,1,20,4.1,-2.215,5.737,0.5
2,4,2,1,20,5.3,-3.215,5.737,0.5
3,4,5,1,20,6.1,-0.215,5.737,0.5
4,4,6,1,20,6,0.785,5.737,0.5
5,4,6,1,20,6.3,0.785,5.737,0.5
6,4,3,0,20,4,-2.215,5.737,-0.5
7,4,6,0,20,5.3,0.785,5.737,-0.5
8,4,4,0,20,5.6,-1.215,5.737,-0.5
9,4,5,0,20,5.2,-0.215,5.737,-0.5
10,4,6,1,20,6.2,0.785,5.737,0.5
11,4,6,0,20,6.1,0.785,5.737,-0.5
12,4,4,0,20,3.9,-1.215,5.737,-0.5
13,4,3,0,20,4.8,-2.215,5.737,-0.5
14,4,5,0,20,5.8,-0.215,5.737,-0.5
15,4,6,0,20,4.9,0.785,5.737,-0.5
16,4,5,1,20,6.6,-0.215,5.737,0.5
17,4,4,1,20,5.6,-1.215,5.737,0.5
18,4,5,0,20,4.5,-0.215,5.737,-0.5
19,4,4,0,20,5.4,-1.215,5.737,-0.5
20,4,6,0,20,4.9,0.785,5.737,-0.5
21,4,4,0,20,5.4,-1.215,5.737,-0.5
22,4,5,1,20,6.7,-0.215,5.737,0.5
23,4,7,0,20,6.3,1.785,5.737,-0.5
1,5,7,0,5,4.2,1.785,-9.263,-0.5
2,5,4,1,5,4,-1.215,-9.263,0.5
3,5,5,0,5,4.7,-0.215,-9.263,-0.5
4,5,4,1,5,4.7,-1.215,-9.263,0.5
5,5,6,0,5,5.2,0.785,-9.263,-0.5
6,5,7,0,5,5.8,1.785,-9.263,-0.5
7,5,6,0,5,4.4,0.785,-9.263,-0.5
8,5,4,1,5,3.8,-1.215,-9.263,0.5
9,5,6,1,5,5.9,0.785,-9.263,0.5
10,5,8,0,5,7,2.785,-9.263,-0.5
11,5,7,1,5,7.3,1.785,-9.263,0.5
12,5,6,1,5,5.6,0.785,-9.263,0.5
13,5,7,0,5,5.6,1.785,-9.263,-0.5
14,5,6,1,5,6.3,0.785,-9.263,0.5
15,5,6,0,5,4.2,0.785,-9.263,-0.5
16,5,5,1,5,4.6,-0.215,-9.263,0.5
17,5,6,1,5,6.1,0.785,-9.263,0.5
18,5,6,0,5,5,0.785,-9.263,-0.5
19,5,6,1,5,5.8,0.785,-9.263,0.5
20,5,5,0,5,5.5,-0.215,-9.263,-0.5
21,5,6,0,5,5.3,0.785,-9.263,-0.5
1,6,4,0,8,4.1,-1.215,-6.263,-0.5
2,6,6,1,8,5.8,0.785,-6.263,0.5
3,6,5,1,8,4.2,-0.215,-6.263,0.5
4,6,5,1,8,3.9,-0.215,-6.263,0.5
5,6,4,1,8,5,-1.215,-6.263,0.5
6,6,4,1,8,4.4,-1.215,-6.263,0.5
7,6,6,0,8,4.3,0.785,-6.263,-0.5
8,6,5,0,8,3.3,-0.215,-6.263,-0.5
9,6,4,1,8,3.1,-1.215,-6.263,0.5
10,6,7,1,8,6.4,1.785,-6.263,0.5
11,6,5,0,8,3.5,-0.215,-6.263,-0.5
12,6,6,1,8,5.9,0.785,-6.263,0.5
13,6,5,1,8,4.2,-0.215,-6.263,0.5
14,6,3,0,8,3.5,-2.215,-6.263,-0.5
15,6,4,1,8,4.6,-1.215,-6.263,0.5
16,6,6,0,8,5.1,0.785,-6.263,-0.5
17,6,5,0,8,4.2,-0.215,-6.263,-0.5
18,6,7,0,8,4.9,1.785,-6.263,-0.5
19,6,5,0,8,3.6,-0.215,-6.263,-0.5
20,6,4,0,8,2.7,-1.215,-6.263,-0.5
1,7,6,1,17,5.8,0.785,2.737,0.5
2,7,4,1,17,4.8,-1.215,2.737,0.5
3,7,4,0,17,4.4,-1.215,2.737,-0.5
4,7,4,0,17,1.7,-1.215,2.737,-0.5
5,7,4,0,17,3.6,-1.215,2.737,-0.5
6,7,5,1,17,3.8,-0.215,2.737,0.5
7,7,4,0,17,4.1,-1.215,2.737,-0.5
8,7,5,1,17,5.7,-0.215,2.737,0.5
9,7,6,0,17,2.9,0.785,2.737,-0.5
10,7,5,1,17,4.9,-0.215,2.737,0.5
11,7,5,0,17,5.1,-0.215,2.737,-0.5
12,7,6,0,17,4,0.785,2.737,-0.5
13,7,4,0,17,3,-1.215,2.737,-0.5
14,7,4,1,17,4.7,-1.215,2.737,0.5
15,7,7,0,17,2.8,1.785,2.737,-0.5
16,7,5,0,17,3.7,-0.215,2.737,-0.5
17,7,6,1,17,5.1,0.785,2.737,0.5
18,7,5,0,17,3.5,-0.215,2.737,-0.5
19,7,5,1,17,4.7,-0.215,2.737,0.5
20,7,7,1,17,6,1.785,2.737,0.5
21,7,5,0,17,4,-0.215,2.737,-0.5
1,8,6,1,12,6.1,0.785,-2.263,0.5
2,8,5,0,12,3.2,-0.215,-2.263,-0.5
3,8,4,1,12,3.3,-1.215,-2.263,0.5
4,8,7,1,12,5,1.785,-2.263,0.5
5,8,6,0,12,4.2,0.785,-2.263,-0.5
6,8,7,1,12,5.6,1.785,-2.263,0.5
7,8,6,0,12,3.9,0.785,-2.263,-0.5
8,8,5,1,12,4.5,-0.215,-2.263,0.5
9,8,6,0,12,2.2,0.785,-2.263,-0.5
10,8,5,1,12,4.2,-0.215,-2.263,0.5
11,8,4,0,12,1.5,-1.215,-2.263,-0.5
12,8,5,0,12,3.2,-0.215,-2.263,-0.5
13,8,5,0,12,2.7,-0.215,-2.263,-0.5
14,8,5,1,12,4.1,-0.215,-2.263,0.5
15,8,7,0,12,4.8,1.785,-2.263,-0.5
16,8,5,0,12,3.5,-0.215,-2.263,-0.5
17,8,5,1,12,3.6,-0.215,-2.263,0.5
18,8,7,1,12,5.5,1.785,-2.263,0.5
19,8,6,1,12,4.8,0.785,-2.263,0.5
20,8,5,1,12,3.5,-0.215,-2.263,0.5
1,9,6,0,9,5.2,0.785,-5.263,-0.5
2,9,5,1,9,6,-0.215,-5.263,0.5
3,9,5,1,9,5.1,-0.215,-5.263,0.5
4,9,6,1,9,5.3,0.785,-5.263,0.5
5,9,6,1,9,6.7,0.785,-5.263,0.5
6,9,5,0,9,3.6,-0.215,-5.263,-0.5
7,9,5,0,9,3.5,-0.215,-5.263,-0.5
8,9,5,0,9,3.9,-0.215,-5.263,-0.5
9,9,5,0,9,4.3,-0.215,-5.263,-0.5
10,9,5,0,9,4,-0.215,-5.263,-0.5
11,9,3,0,9,4.6,-2.215,-5.263,-0.5
12,9,4,1,9,4.5,-1.215,-5.263,0.5
13,9,4,0,9,3.6,-1.215,-5.263,-0.5
14,9,5,0,9,2.6,-0.215,-5.263,-0.5
15,9,4,0,9,3.9,-1.215,-5.263,-0.5
16,9,6,0,9,5,0.785,-5.263,-0.5
17,9,6,1,9,4.5,0.785,-5.263,0.5
18,9,7,1,9,7.3,1.785,-5.263,0.5
19,9,6,1,9,6.7,0.785,-5.263,0.5
20,9,4,0,9,2.9,-1.215,-5.263,-0.5
1,10,5,0,21,5.4,-0.215,6.737,-0.5
2,10,6,1,21,6.3,0.785,6.737,0.5
3,10,5,0,21,3.4,-0.215,6.737,-0.5
4,10,4,1,21,4.9,-1.215,6.737,0.5
5,10,5,0,21,5.1,-0.215,6.737,-0.5
6,10,6,1,21,7,0.785,6.737,0.5
7,10,5,0,21,5.4,-0.215,6.737,-0.5
8,10,5,0,21,4.9,-0.215,6.737,-0.5
9,10,6,1,21,6.6,0.785,6.737,0.5
10,10,5,1,21,5.8,-0.215,6.737,0.5
11,10,6,0,21,4.4,0.785,6.737,-0.5
12,10,6,0,21,4.9,0.785,6.737,-0.5
13,10,7,1,21,6,1.785,6.737,0.5
14,10,6,0,21,4.8,0.785,6.737,-0.5
15,10,3,0,21,3.6,-2.215,6.737,-0.5
16,10,5,0,21,5,-0.215,6.737,-0.5
17,10,3,0,21,5.5,-2.215,6.737,-0.5
18,10,6,0,21,5,0.785,6.737,-0.5
19,10,3,1,21,5.2,-2.215,6.737,0.5
20,10,6,1,21,5.4,0.785,6.737,0.5
21,10,4,1,21,6,-1.215,6.737,0.5
22,10,6,1,21,5.7,0.785,6.737,0.5
23,10,4,1,21,6.1,-1.215,6.737,0.5
24,10,5,1,21,5.2,-0.215,6.737,0.5
1,11,4,0,11,4.7,-1.215,-3.263,-0.5
2,11,5,1,11,5.5,-0.215,-3.263,0.5
3,11,5,1,11,4.8,-0.215,-3.263,0.5
4,11,6,0,11,4.9,0.785,-3.263,-0.5
5,11,5,0,11,4.6,-0.215,-3.263,-0.5
6,11,6,1,11,4.6,0.785,-3.263,0.5
7,11,5,0,11,3.4,-0.215,-3.263,-0.5
8,11,7,1,11,5.6,1.785,-3.263,0.5
9,11,4,1,11,5.4,-1.215,-3.263,0.5
10,11,5,1,11,5.6,-0.215,-3.263,0.5
11,11,6,0,11,3.2,0.785,-3.263,-0.5
12,11,6,0,11,5.1,0.785,-3.263,-0.5
13,11,6,0,11,4.4,0.785,-3.263,-0.5
14,11,6,1,11,4.8,0.785,-3.263,0.5
15,11,4,1,11,4.2,-1.215,-3.263,0.5
16,11,5,0,11,4.3,-0.215,-3.263,-0.5
17,11,5,0,11,4.2,-0.215,-3.263,-0.5
18,11,6,0,11,4,0.785,-3.263,-0.5
19,11,4,0,11,1.6,-1.215,-3.263,-0.5
20,11,5,1,11,4.9,-0.215,-3.263,0.5
21,11,5,1,11,3.8,-0.215,-3.263,0.5
22,11,4,0,11,4.1,-1.215,-3.263,-0.5
1,12,5,0,16,3.7,-0.215,1.737,-0.5
2,12,4,1,16,4.8,-1.215,1.737,0.5
3,12,2,1,16,4.2,-3.215,1.737,0.5
4,12,7,1,16,5.7,1.785,1.737,0.5
5,12,4,1,16,4.6,-1.215,1.737,0.5
6,12,3,0,16,3.8,-2.215,1.737,-0.5
7,12,4,0,16,2.8,-1.215,1.737,-0.5
8,12,6,0,16,4.7,0.785,1.737,-0.5
9,12,5,1,16,5.6,-0.215,1.737,0.5
10,12,3,1,16,2.8,-2.215,1.737,0.5
11,12,4,0,16,3.8,-1.215,1.737,-0.5
12,12,3,0,16,2.4,-2.215,1.737,-0.5
13,12,4,1,16,5.3,-1.215,1.737,0.5
14,12,4,0,16,3.5,-1.215,1.737,-0.5
15,12,4,0,16,4.5,-1.215,1.737,-0.5
16,12,5,0,16,4.5,-0.215,1.737,-0.5
17,12,6,0,16,4.5,0.785,1.737,-0.5
2,13,4,1,19,6.5,-1.215,4.737,0.5
3,13,4,1,19,6.4,-1.215,4.737,0.5
4,13,6,0,19,6.2,0.785,4.737,-0.5
5,13,6,0,19,6.1,0.785,4.737,-0.5
6,13,5,1,19,5.6,-0.215,4.737,0.5
7,13,4,1,19,6.3,-1.215,4.737,0.5
8,13,6,0,19,6.2,0.785,4.737,-0.5
9,13,6,1,19,6.2,0.785,4.737,0.5
10,13,6,0,19,5.7,0.785,4.737,-0.5
11,13,7,0,19,5.9,1.785,4.737,-0.5
12,13,3,1,19,5,-2.215,4.737,0.5
13,13,4,1,19,6.1,-1.215,4.737,0.5
14,13,4,0,19,4.5,-1.215,4.737,-0.5
15,13,6,1,19,7.2,0.785,4.737,0.5
16,13,6,0,19,6.3,0.785,4.737,-0.5
17,13,4,0,19,4.8,-1.215,4.737,-0.5
18,13,7,1,19,8,1.785,4.737,0.5
19,13,5,1,19,6,-0.215,4.737,0.5
20,13,5,1,19,7.7,-0.215,4.737,0.5
21,13,4,1,19,6.1,-1.215,4.737,0.5
1,14,7,0,2,3,1.785,-12.263,-0.5
2,14,6,0,2,3.3,0.785,-12.263,-0.5
3,14,9,0,2,5.3,3.785,-12.263,-0.5
4,14,7,0,2,3.2,1.785,-12.263,-0.5
5,14,6,0,2,3.6,0.785,-12.263,-0.5
6,14,8,0,2,4.5,2.785,-12.263,-0.5
7,14,5,0,2,1.4,-0.215,-12.263,-0.5
8,14,6,0,2,2.3,0.785,-12.263,-0.5
9,14,6,0,2,2.8,0.785,-12.263,-0.5
10,14,8,0,2,4.5,2.785,-12.263,-0.5
11,14,7,0,2,3.9,1.785,-12.263,-0.5
12,14,7,0,2,4.5,1.785,-12.263,-0.5
13,14,7,0,2,3.1,1.785,-12.263,-0.5
14,14,7,0,2,4.5,1.785,-12.263,-0.5
15,14,6,0,2,2.3,0.785,-12.263,-0.5
16,14,8,0,2,6.5,2.785,-12.263,-0.5
17,14,6,0,2,3.1,0.785,-12.263,-0.5
1,15,5,0,8,4.2,-0.215,-6.263,-0.5
2,15,5,0,8,3.4,-0.215,-6.263,-0.5
3,15,4,0,8,4,-1.215,-6.263,-0.5
4,15,4,0,8,3.1,-1.215,-6.263,-0.5
5,15,7,0,8,6.3,1.785,-6.263,-0.5
6,15,6,1,8,4.4,0.785,-6.263,0.5
7,15,6,1,8,5.5,0.785,-6.263,0.5
8,15,8,1,8,7.9,2.785,-6.263,0.5
9,15,5,0,8,2.9,-0.215,-6.263,-0.5
10,15,8,0,8,6.4,2.785,-6.263,-0.5
11,15,5,1,8,5.1,-0.215,-6.263,0.5
12,15,7,0,8,4.3,1.785,-6.263,-0.5
13,15,6,0,8,4.3,0.785,-6.263,-0.5
14,15,5,1,8,5.8,-0.215,-6.263,0.5
15,15,6,0,8,4.5,0.785,-6.263,-0.5
16,15,5,1,8,4.5,-0.215,-6.263,0.5
17,15,6,0,8,6,0.785,-6.263,-0.5
18,15,6,1,8,5.6,0.785,-6.263,0.5
19,15,6,0,8,4.7,0.785,-6.263,-0.5
20,15,4,1,8,4.5,-1.215,-6.263,0.5
21,15,3,0,8,4.3,-2.215,-6.263,-0.5
22,15,5,0,8,3.2,-0.215,-6.263,-0.5
23,15,5,0,8,5,-0.215,-6.263,-0.5
24,15,4,0,8,2.9,-1.215,-6.263,-0.5
1,16,5,1,11,4.2,-0.215,-3.263,0.5
2,16,6,1,11,5.6,0.785,-3.263,0.5
3,16,5,1,11,4.5,-0.215,-3.263,0.5
4,16,7,1,11,6.3,1.785,-3.263,0.5
5,16,5,1,11,5.1,-0.215,-3.263,0.5
6,16,5,0,11,2.8,-0.215,-3.263,-0.5
7,16,6,1,11,6.3,0.785,-3.263,0.5
8,16,8,0,11,3.1,2.785,-3.263,-0.5
9,16,5,1,11,5.4,-0.215,-3.263,0.5
10,16,6,1,11,4.7,0.785,-3.263,0.5
11,16,8,1,11,6.5,2.785,-3.263,0.5
12,16,6,1,11,4.5,0.785,-3.263,0.5
13,16,7,1,11,6.8,1.785,-3.263,0.5
14,16,5,0,11,2.9,-0.215,-3.263,-0.5
15,16,4,1,11,5.1,-1.215,-3.263,0.5
16,16,6,1,11,4.2,0.785,-3.263,0.5
17,16,6,1,11,5.1,0.785,-3.263,0.5
1,17,4,0,16,3.7,-1.215,1.737,-0.5
2,17,3,1,16,5.2,-2.215,1.737,0.5
3,17,6,0,16,6.3,0.785,1.737,-0.5
4,17,5,0,16,3.9,-0.215,1.737,-0.5
5,17,3,1,16,5.3,-2.215,1.737,0.5
6,17,5,0,16,3.7,-0.215,1.737,-0.5
7,17,6,1,16,5.8,0.785,1.737,0.5
8,17,4,1,16,4.6,-1.215,1.737,0.5
9,17,5,1,16,5.9,-0.215,1.737,0.5
10,17,5,1,16,5.8,-0.215,1.737,0.5
11,17,6,1,16,6.6,0.785,1.737,0.5
12,17,4,0,16,3.7,-1.215,1.737,-0.5
13,17,6,0,16,5.8,0.785,1.737,-0.5
14,17,6,1,16,6.2,0.785,1.737,0.5
15,17,6,0,16,4.8,0.785,1.737,-0.5
16,17,6,1,16,7,0.785,1.737,0.5
17,17,3,1,16,5.4,-2.215,1.737,0.5
18,17,5,1,16,7,-0.215,1.737,0.5
19,17,4,0,16,3.3,-1.215,1.737,-0.5
20,17,7,1,16,6.7,1.785,1.737,0.5
21,17,5,1,16,5.6,-0.215,1.737,0.5
22,17,4,0,16,3.5,-1.215,1.737,-0.5
23,17,4,0,16,3.6,-1.215,1.737,-0.5
24,17,4,0,16,5.1,-1.215,1.737,-0.5
25,17,5,0,16,3.7,-0.215,1.737,-0.5
26,17,4,0,16,5.3,-1.215,1.737,-0.5
1,18,7,0,21,6.1,1.785,6.737,-0.5
2,18,5,1,21,7.8,-0.215,6.737,0.5
3,18,4,0,21,4.8,-1.215,6.737,-0.5
4,18,5,0,21,6.7,-0.215,6.737,-0.5
5,18,5,0,21,5.1,-0.215,6.737,-0.5
6,18,4,1,21,6.8,-1.215,6.737,0.5
7,18,5,0,21,7.1,-0.215,6.737,-0.5
8,18,3,1,21,6.7,-2.215,6.737,0.5
9,18,5,0,21,5.6,-0.215,6.737,-0.5
10,18,4,1,21,5.1,-1.215,6.737,0.5
11,18,5,0,21,4.8,-0.215,6.737,-0.5
12,18,6,1,21,6.7,0.785,6.737,0.5
13,18,5,0,21,6.7,-0.215,6.737,-0.5
14,18,4,0,21,6.9,-1.215,6.737,-0.5
15,18,5,1,21,7.9,-0.215,6.737,0.5
16,18,5,0,21,6.6,-0.215,6.737,-0.5
17,18,6,0,21,6.9,0.785,6.737,-0.5
18,18,5,1,21,5.7,-0.215,6.737,0.5
19,18,4,1,21,4.4,-1.215,6.737,0.5
20,18,3,1,21,5.7,-2.215,6.737,0.5
21,18,5,0,21,6,-0.215,6.737,-0.5
1,19,8,1,16,7.1,2.785,1.737,0.5
2,19,4,0,16,5.4,-1.215,1.737,-0.5
3,19,5,0,16,6.2,-0.215,1.737,-0.5
4,19,5,1,16,7.1,-0.215,1.737,0.5
5,19,5,0,16,4.4,-0.215,1.737,-0.5
6,19,3,0,16,3.2,-2.215,1.737,-0.5
7,19,5,0,16,5.6,-0.215,1.737,-0.5
8,19,4,1,16,6.2,-1.215,1.737,0.5
9,19,5,0,16,4.5,-0.215,1.737,-0.5
10,19,4,1,16,5.9,-1.215,1.737,0.5
11,19,6,1,16,5.9,0.785,1.737,0.5
12,19,4,0,16,3.7,-1.215,1.737,-0.5
14,19,6,1,16,7.1,0.785,1.737,0.5
15,19,5,1,16,5.6,-0.215,1.737,0.5
16,19,3,0,16,5,-2.215,1.737,-0.5
17,19,5,1,16,5.9,-0.215,1.737,0.5
18,19,4,1,16,4.8,-1.215,1.737,0.5
19,19,5,0,16,5.7,-0.215,1.737,-0.5
20,19,3,1,16,6.8,-2.215,1.737,0.5
21,19,4,0,16,4,-1.215,1.737,-0.5
1,20,5,1,10,6,-0.215,-4.263,0.5
2,20,7,1,10,6.5,1.785,-4.263,0.5
3,20,5,1,10,5.9,-0.215,-4.263,0.5
4,20,4,1,10,5.1,-1.215,-4.263,0.5
5,20,5,1,10,5.8,-0.215,-4.263,0.5
6,20,6,1,10,6.9,0.785,-4.263,0.5
7,20,8,1,10,7.2,2.785,-4.263,0.5
8,20,5,0,10,3.3,-0.215,-4.263,-0.5
9,20,5,1,10,6.6,-0.215,-4.263,0.5
10,20,4,0,10,2.7,-1.215,-4.263,-0.5
11,20,4,0,10,3.1,-1.215,-4.263,-0.5
12,20,6,1,10,5.7,0.785,-4.263,0.5
13,20,7,0,10,5.6,1.785,-4.263,-0.5
14,20,4,1,10,6.3,-1.215,-4.263,0.5
15,20,6,1,10,5.9,0.785,-4.263,0.5
17,20,5,0,10,2.9,-0.215,-4.263,-0.5
18,20,6,1,10,6.3,0.785,-4.263,0.5
19,20,5,1,10,5.7,-0.215,-4.263,0.5
20,20,6,1,10,6.3,0.785,-4.263,0.5
21,20,5,0,10,4.2,-0.215,-4.263,-0.5
1,21,5,1,17,5.4,-0.215,2.737,0.5
2,21,5,1,17,5.7,-0.215,2.737,0.5
3,21,5,1,17,4.2,-0.215,2.737,0.5
4,21,4,1,17,3.5,-1.215,2.737,0.5
5,21,7,0,17,4.6,1.785,2.737,-0.5
6,21,5,0,17,4.1,-0.215,2.737,-0.5
7,21,5,0,17,4.2,-0.215,2.737,-0.5
8,21,4,1,17,4.6,-1.215,2.737,0.5
9,21,6,0,17,4,0.785,2.737,-0.5
10,21,3,0,17,4.5,-2.215,2.737,-0.5
11,21,6,1,17,4.9,0.785,2.737,0.5
12,21,6,0,17,5.3,0.785,2.737,-0.5
13,21,4,0,17,3.7,-1.215,2.737,-0.5
14,21,4,0,17,3.8,-1.215,2.737,-0.5
15,21,5,1,17,5.8,-0.215,2.737,0.5
16,21,4,0,17,3.7,-1.215,2.737,-0.5
17,21,5,0,17,5.4,-0.215,2.737,-0.5
18,21,4,1,17,6.7,-1.215,2.737,0.5
19,21,3,1,17,4.7,-2.215,2.737,0.5
20,21,6,1,17,6,0.785,2.737,0.5
21,21,4,1,17,6.3,-1.215,2.737,0.5
22,21,5,1,17,5,-0.215,2.737,0.5
23,21,6,1,17,5.1,0.785,2.737,0.5
1,22,3,1,11,5.7,-2.215,-3.263,0.5
2,22,2,1,11,5.8,-3.215,-3.263,0.5
3,22,6,1,11,7.6,0.785,-3.263,0.5
4,22,6,1,11,7.8,0.785,-3.263,0.5
5,22,5,0,11,5.4,-0.215,-3.263,-0.5
6,22,4,0,11,5.7,-1.215,-3.263,-0.5
7,22,4,0,11,6.3,-1.215,-3.263,-0.5
8,22,6,1,11,6.7,0.785,-3.263,0.5
9,22,4,1,11,7,-1.215,-3.263,0.5
10,22,5,0,11,5.6,-0.215,-3.263,-0.5
11,22,5,0,11,5.5,-0.215,-3.263,-0.5
12,22,6,0,11,5.4,0.785,-3.263,-0.5
13,22,6,1,11,6.7,0.785,-3.263,0.5
14,22,7,1,11,7.3,1.785,-3.263,0.5
15,22,5,0,11,6.1,-0.215,-3.263,-0.5
16,22,5,1,11,6.5,-0.215,-3.263,0.5
17,22,4,0,11,5.8,-1.215,-3.263,-0.5
18,22,6,1,11,7.1,0.785,-3.263,0.5
19,22,5,1,11,5.9,-0.215,-3.263,0.5
20,22,7,1,11,7,1.785,-3.263,0.5
1,23,6,0,15,5,0.785,0.737,-0.5
2,23,6,1,15,4.8,0.785,0.737,0.5
3,23,4,1,15,5.9,-1.215,0.737,0.5
4,23,5,0,15,4.5,-0.215,0.737,-0.5
5,23,5,1,15,6.3,-0.215,0.737,0.5
6,23,7,1,15,6,1.785,0.737,0.5
7,23,5,1,15,6.4,-0.215,0.737,0.5
8,23,4,0,15,3.3,-1.215,0.737,-0.5
9,23,6,0,15,4.6,0.785,0.737,-0.5
10,23,5,0,15,5.6,-0.215,0.737,-0.5
11,23,5,0,15,4.5,-0.215,0.737,-0.5
12,23,6,1,15,6.4,0.785,0.737,0.5
13,23,4,0,15,3.8,-1.215,0.737,-0.5
14,23,6,1,15,6.6,0.785,0.737,0.5
15,23,5,1,15,6.5,-0.215,0.737,0.5
16,23,6,0,15,5.6,0.785,0.737,-0.5
17,23,5,1,15,5.7,-0.215,0.737,0.5
18,23,5,0,15,4.2,-0.215,0.737,-0.5
19,23,7,1,15,6.7,1.785,0.737,0.5
20,23,3,0,15,3.2,-2.215,0.737,-0.5
21,23,7,0,15,5.4,1.785,0.737,-0.5
22,23,3,0,15,4.7,-2.215,0.737,-0.5
1,24,5,0,6,3.4,-0.215,-8.263,-0.5
2,24,4,0,6,2.7,-1.215,-8.263,-0.5
3,24,5,1,6,3.8,-0.215,-8.263,0.5
4,24,5,1,6,3.7,-0.215,-8.263,0.5
5,24,7,1,6,7.3,1.785,-8.263,0.5
6,24,7,1,6,6.6,1.785,-8.263,0.5
7,24,7,0,6,3,1.785,-8.263,-0.5
8,24,6,1,6,5.2,0.785,-8.263,0.5
9,24,5,0,6,4.7,-0.215,-8.263,-0.5
10,24,6,1,6,6.2,0.785,-8.263,0.5
11,24,7,0,6,4.5,1.785,-8.263,-0.5
12,24,6,0,6,3.3,0.785,-8.263,-0.5
13,24,6,0,6,3.9,0.785,-8.263,-0.5
14,24,5,0,6,3.4,-0.215,-8.263,-0.5
15,24,5,0,6,4.1,-0.215,-8.263,-0.5
16,24,7,1,6,5.3,1.785,-8.263,0.5
17,24,5,1,6,5.6,-0.215,-8.263,0.5
18,24,5,1,6,5.3,-0.215,-8.263,0.5
19,24,6,0,6,4.5,0.785,-8.263,-0.5
1,25,4,0,19,5.1,-1.215,4.737,-0.5
2,25,5,1,19,5.6,-0.215,4.737,0.5
3,25,5,1,19,5.6,-0.215,4.737,0.5
4,25,4,1,19,5.9,-1.215,4.737,0.5
5,25,7,1,19,6.5,1.785,4.737,0.5
6,25,6,0,19,3.7,0.785,4.737,-0.5
7,25,5,0,19,3.9,-0.215,4.737,-0.5
8,25,6,1,19,5.7,0.785,4.737,0.5
9,25,4,1,19,5.7,-1.215,4.737,0.5
10,25,5,0,19,5.1,-0.215,4.737,-0.5
11,25,6,1,19,5.7,0.785,4.737,0.5
12,25,6,0,19,4.6,0.785,4.737,-0.5
13,25,5,1,19,7,-0.215,4.737,0.5
14,25,4,1,19,4.7,-1.215,4.737,0.5
15,25,5,1,19,3.3,-0.215,4.737,0.5
16,25,4,0,19,4,-1.215,4.737,-0.5
17,25,5,0,19,2.9,-0.215,4.737,-0.5
18,25,5,0,19,3.8,-0.215,4.737,-0.5
19,25,5,0,19,3.7,-0.215,4.737,-0.5
20,25,5,0,19,4.3,-0.215,4.737,-0.5
1,26,5,1,10,4.1,-0.215,-4.263,0.5
2,26,4,1,10,3.7,-1.215,-4.263,0.5
3,26,6,0,10,4.1,0.785,-4.263,-0.5
4,26,4,1,10,4.1,-1.215,-4.263,0.5
5,26,4,0,10,2.8,-1.215,-4.263,-0.5
6,26,4,1,10,3.2,-1.215,-4.263,0.5
7,26,6,1,10,6,0.785,-4.263,0.5
8,26,5,0,10,3.2,-0.215,-4.263,-0.5
9,26,4,0,10,3.4,-1.215,-4.263,-0.5
10,26,4,0,10,3.2,-1.215,-4.263,-0.5
11,26,6,1,10,4.9,0.785,-4.263,0.5
12,26,5,0,10,3.5,-0.215,-4.263,-0.5
13,26,4,1,10,3.9,-1.215,-4.263,0.5
14,26,6,0,10,3.8,0.785,-4.263,-0.5
15,26,4,0,10,2.9,-1.215,-4.263,-0.5
16,26,3,1,10,3.6,-2.215,-4.263,0.5
17,26,7,1,10,6.1,1.785,-4.263,0.5
18,26,4,1,10,5.5,-1.215,-4.263,0.5
19,26,7,0,10,6.2,1.785,-4.263,-0.5
20,26,5,0,10,2.6,-0.215,-4.263,-0.5
21,26,4,1,10,4.5,-1.215,-4.263,0.5
1,27,4,0,10,2.5,-1.215,-4.263,-0.5
2,27,6,0,10,6,0.785,-4.263,-0.5
3,27,6,0,10,3.6,0.785,-4.263,-0.5
4,27,5,0,10,4.8,-0.215,-4.263,-0.5
5,27,4,0,10,2.9,-1.215,-4.263,-0.5
6,27,7,0,10,6.2,1.785,-4.263,-0.5
7,27,5,0,10,4,-0.215,-4.263,-0.5
8,27,7,0,10,4.9,1.785,-4.263,-0.5
9,27,5,1,10,5.4,-0.215,-4.263,0.5
10,27,5,0,10,4.2,-0.215,-4.263,-0.5
11,27,5,1,10,4.8,-0.215,-4.263,0.5
12,27,6,1,10,6.4,0.785,-4.263,0.5
13,27,5,0,10,3.2,-0.215,-4.263,-0.5
14,27,5,1,10,5.2,-0.215,-4.263,0.5
15,27,4,1,10,3.4,-1.215,-4.263,0.5
16,27,5,1,10,4.8,-0.215,-4.263,0.5
17,27,5,0,10,4.2,-0.215,-4.263,-0.5
18,27,4,0,10,3.2,-1.215,-4.263,-0.5
19,27,6,0,10,4.7,0.785,-4.263,-0.5
20,27,6,0,10,4.6,0.785,-4.263,-0.5
1,28,5,0,13,4.9,-0.215,-1.263,-0.5
2,28,3,1,13,4.3,-2.215,-1.263,0.5
3,28,3,0,13,3.8,-2.215,-1.263,-0.5
4,28,5,0,13,4.1,-0.215,-1.263,-0.5
5,28,6,1,13,5.5,0.785,-1.263,0.5
6,28,6,1,13,5,0.785,-1.263,0.5
7,28,6,0,13,3.6,0.785,-1.263,-0.5
8,28,5,1,13,5.4,-0.215,-1.263,0.5
9,28,6,1,13,6,0.785,-1.263,0.5
10,28,5,1,13,4.8,-0.215,-1.263,0.5
11,28,6,0,13,4.1,0.785,-1.263,-0.5
12,28,5,0,13,4.2,-0.215,-1.263,-0.5
13,28,6,1,13,5.6,0.785,-1.263,0.5
14,28,7,0,13,4.4,1.785,-1.263,-0.5
15,28,5,1,13,4.8,-0.215,-1.263,0.5
16,28,6,0,13,3.3,0.785,-1.263,-0.5
17,28,5,1,13,4.9,-0.215,-1.263,0.5
18,28,4,0,13,3.4,-1.215,-1.263,-0.5
19,28,3,1,13,3.7,-2.215,-1.263,0.5
20,28,4,1,13,4.4,-1.215,-1.263,0.5
1,29,4,1,22,5.9,-1.215,7.737,0.5
2,29,4,0,22,3.8,-1.215,7.737,-0.5
3,29,5,0,22,5.2,-0.215,7.737,-0.5
4,29,7,0,22,6.1,1.785,7.737,-0.5
5,29,4,1,22,5.5,-1.215,7.737,0.5
6,29,4,1,22,7.2,-1.215,7.737,0.5
7,29,6,0,22,6.2,0.785,7.737,-0.5
8,29,5,1,22,7.1,-0.215,7.737,0.5
9,29,4,1,22,6,-1.215,7.737,0.5
10,29,5,1,22,6,-0.215,7.737,0.5
12,29,3,0,22,5.2,-2.215,7.737,-0.5
13,29,3,0,22,6.6,-2.215,7.737,-0.5
14,29,5,1,22,5.7,-0.215,7.737,0.5
15,29,5,1,22,6.9,-0.215,7.737,0.5
16,29,5,1,22,6.6,-0.215,7.737,0.5
17,29,3,1,22,5.7,-2.215,7.737,0.5
18,29,2,0,22,4.7,-3.215,7.737,-0.5
1,30,6,0,6,3.3,0.785,-8.263,-0.5
2,30,5,0,6,2.6,-0.215,-8.263,-0.5
3,30,5,1,6,5.3,-0.215,-8.263,0.5
4,30,7,0,6,4,1.785,-8.263,-0.5
5,30,5,1,6,4.7,-0.215,-8.263,0.5
6,30,6,0,6,5.2,0.785,-8.263,-0.5
7,30,6,0,6,3.5,0.785,-8.263,-0.5
8,30,8,1,6,6.5,2.785,-8.263,0.5
9,30,5,0,6,3.9,-0.215,-8.263,-0.5
10,30,5,1,6,4.9,-0.215,-8.263,0.5
11,30,6,0,6,3.6,0.785,-8.263,-0.5
12,30,5,1,6,4.3,-0.215,-8.263,0.5
13,30,4,1,6,3.5,-1.215,-8.263,0.5
14,30,5,0,6,4,-0.215,-8.263,-0.5
15,30,8,1,6,7.1,2.785,-8.263,0.5
16,30,6,1,6,6.1,0.785,-8.263,0.5
17,30,8,1,6,4.6,2.785,-8.263,0.5
1,31,6,0,6,4.9,0.785,-8.263,-0.5
2,31,6,1,6,5.7,0.785,-8.263,0.5
4,31,6,1,6,5.2,0.785,-8.263,0.5
5,31,6,1,6,7.3,0.785,-8.263,0.5
6,31,5,0,6,3.5,-0.215,-8.263,-0.5
7,31,5,1,6,4,-0.215,-8.263,0.5
8,31,6,1,6,5.8,0.785,-8.263,0.5
9,31,5,1,6,5.8,-0.215,-8.263,0.5
10,31,5,0,6,4.4,-0.215,-8.263,-0.5
11,31,6,0,6,4.6,0.785,-8.263,-0.5
12,31,5,0,6,4.2,-0.215,-8.263,-0.5
13,31,3,0,6,1.5,-2.215,-8.263,-0.5
14,31,4,0,6,2.9,-1.215,-8.263,-0.5
15,31,4,0,6,3.2,-1.215,-8.263,-0.5
16,31,4,0,6,1.8,-1.215,-8.263,-0.5
17,31,6,1,6,5.5,0.785,-8.263,0.5
18,31,3,0,6,0.4,-2.215,-8.263,-0.5
19,31,6,0,6,5.4,0.785,-8.263,-0.5
20,31,5,1,6,5.1,-0.215,-8.263,0.5
1,32,5,1,12,6.2,-0.215,-2.263,0.5
2,32,6,0,12,5.9,0.785,-2.263,-0.5
3,32,6,1,12,4.9,0.785,-2.263,0.5
4,32,6,1,12,6,0.785,-2.263,0.5
5,32,6,0,12,4.9,0.785,-2.263,-0.5
6,32,4,0,12,3.9,-1.215,-2.263,-0.5
7,32,4,0,12,4.5,-1.215,-2.263,-0.5
8,32,5,1,12,4.6,-0.215,-2.263,0.5
9,32,3,0,12,2.4,-2.215,-2.263,-0.5
10,32,4,1,12,4.7,-1.215,-2.263,0.5
11,32,6,1,12,5,0.785,-2.263,0.5
12,32,6,0,12,5.8,0.785,-2.263,-0.5
13,32,5,1,12,6.1,-0.215,-2.263,0.5
14,32,4,0,12,4.6,-1.215,-2.263,-0.5
15,32,5,1,12,5.2,-0.215,-2.263,0.5
16,32,5,0,12,4.8,-0.215,-2.263,-0.5
17,32,5,0,12,4,-0.215,-2.263,-0.5
18,32,5,0,12,3.1,-0.215,-2.263,-0.5
19,32,6,0,12,4.8,0.785,-2.263,-0.5
20,32,6,1,12,7.3,0.785,-2.263,0.5
21,32,4,0,12,3.3,-1.215,-2.263,-0.5
22,32,5,1,12,4.2,-0.215,-2.263,0.5
23,32,6,1,12,6.9,0.785,-2.263,0.5
1,33,7,1,3,7.2,1.785,-11.263,0.5
2,33,7,1,3,8.7,1.785,-11.263,0.5
3,33,7,1,3,5.4,1.785,-11.263,0.5
4,33,8,1,3,9.2,2.785,-11.263,0.5
5,33,6,1,3,7,0.785,-11.263,0.5
6,33,7,1,3,6.4,1.785,-11.263,0.5
7,33,8,1,3,9.5,2.785,-11.263,0.5
8,33,7,1,3,8.1,1.785,-11.263,0.5
9,33,8,1,3,6,2.785,-11.263,0.5
10,33,8,1,3,7,2.785,-11.263,0.5
11,33,9,1,3,8.1,3.785,-11.263,0.5
12,33,6,1,3,7.4,0.785,-11.263,0.5
13,33,7,1,3,8.4,1.785,-11.263,0.5
14,33,6,1,3,4.7,0.785,-11.263,0.5
15,33,7,1,3,7.4,1.785,-11.263,0.5
16,33,7,1,3,5.7,1.785,-11.263,0.5
17,33,7,1,3,8,1.785,-11.263,0.5
18,33,9,1,3,8.8,3.785,-11.263,0.5
19,33,6,1,3,6.2,0.785,-11.263,0.5
1,34,6,0,8,5.8,0.785,-6.263,-0.5
2,34,5,0,8,3.8,-0.215,-6.263,-0.5
3,34,8,1,8,8.5,2.785,-6.263,0.5
4,34,7,0,8,4.6,1.785,-6.263,-0.5
5,34,6,0,8,3.9,0.785,-6.263,-0.5
6,34,5,0,8,3.9,-0.215,-6.263,-0.5
7,34,6,0,8,4.7,0.785,-6.263,-0.5
8,34,7,0,8,5.6,1.785,-6.263,-0.5
9,34,4,1,8,3.3,-1.215,-6.263,0.5
10,34,6,0,8,5.7,0.785,-6.263,-0.5
11,34,6,0,8,4.1,0.785,-6.263,-0.5
12,34,4,1,8,4.3,-1.215,-6.263,0.5
13,34,5,0,8,5.4,-0.215,-6.263,-0.5
14,34,5,0,8,4.8,-0.215,-6.263,-0.5
15,34,3,1,8,3.2,-2.215,-6.263,0.5
16,34,6,0,8,4.2,0.785,-6.263,-0.5
17,34,5,0,8,3.9,-0.215,-6.263,-0.5
18,34,7,1,8,6.1,1.785,-6.263,0.5
19,34,6,0,8,4.5,0.785,-6.263,-0.5
20,34,5,0,8,3.8,-0.215,-6.263,-0.5
21,34,6,1,8,6.8,0.785,-6.263,0.5
22,34,5,1,8,5,-0.215,-6.263,0.5
1,35,4,1,25,6,-1.215,10.737,0.5
2,35,5,1,25,7.5,-0.215,10.737,0.5
3,35,6,1,25,7.9,0.785,10.737,0.5
4,35,4,1,25,7.8,-1.215,10.737,0.5
5,35,4,1,25,7.9,-1.215,10.737,0.5
6,35,5,1,25,7,-0.215,10.737,0.5
7,35,6,1,25,5.5,0.785,10.737,0.5
8,35,4,1,25,7,-1.215,10.737,0.5
9,35,4,1,25,6.2,-1.215,10.737,0.5
10,35,7,1,25,7,1.785,10.737,0.5
11,35,4,1,25,6.6,-1.215,10.737,0.5
12,35,6,1,25,6.8,0.785,10.737,0.5
13,35,3,1,25,6.8,-2.215,10.737,0.5
14,35,6,1,25,6.8,0.785,10.737,0.5
15,35,4,1,25,7.4,-1.215,10.737,0.5
16,35,5,1,25,7.5,-0.215,10.737,0.5
17,35,6,1,25,7.1,0.785,10.737,0.5
18,35,4,1,25,6.7,-1.215,10.737,0.5
19,35,5,1,25,7.3,-0.215,10.737,0.5
20,35,3,1,25,6.7,-2.215,10.737,0.5
1,36,6,1,15,6.3,0.785,0.737,0.5
2,36,4,0,15,3.9,-1.215,0.737,-0.5
3,36,5,0,15,4,-0.215,0.737,-0.5
4,36,4,0,15,3.2,-1.215,0.737,-0.5
5,36,6,0,15,4.2,0.785,0.737,-0.5
6,36,3,1,15,5,-2.215,0.737,0.5
7,36,3,1,15,5.3,-2.215,0.737,0.5
8,36,4,1,15,5.3,-1.215,0.737,0.5
9,36,6,0,15,5.7,0.785,0.737,-0.5
10,36,4,1,15,5.2,-1.215,0.737,0.5
11,36,3,0,15,5,-2.215,0.737,-0.5
12,36,5,0,15,3.9,-0.215,0.737,-0.5
13,36,3,1,15,5.4,-2.215,0.737,0.5
14,36,4,1,15,7.4,-1.215,0.737,0.5
15,36,7,0,15,4.3,1.785,0.737,-0.5
16,36,6,1,15,6.7,0.785,0.737,0.5
17,36,5,0,15,4.4,-0.215,0.737,-0.5
18,36,4,0,15,5.3,-1.215,0.737,-0.5
19,36,4,0,15,5.3,-1.215,0.737,-0.5
1,37,5,0,20,4.6,-0.215,5.737,-0.5
2,37,5,1,20,6.9,-0.215,5.737,0.5
3,37,6,1,20,6.4,0.785,5.737,0.5
4,37,6,1,20,6.7,0.785,5.737,0.5
5,37,5,0,20,4.1,-0.215,5.737,-0.5
6,37,6,0,20,4.6,0.785,5.737,-0.5
7,37,7,0,20,5.3,1.785,5.737,-0.5
8,37,5,1,20,7.1,-0.215,5.737,0.5
9,37,6,0,20,6,0.785,5.737,-0.5
10,37,6,0,20,4,0.785,5.737,-0.5
11,37,4,1,20,4.9,-1.215,5.737,0.5
12,37,4,0,20,4.1,-1.215,5.737,-0.5
13,37,4,0,20,4.4,-1.215,5.737,-0.5
14,37,5,0,20,4.8,-0.215,5.737,-0.5
15,37,5,0,20,4.5,-0.215,5.737,-0.5
16,37,4,0,20,3.6,-1.215,5.737,-0.5
17,37,6,0,20,5.7,0.785,5.737,-0.5
18,37,7,1,20,6.8,1.785,5.737,0.5
19,37,6,1,20,7.3,0.785,5.737,0.5
1,38,5,0,18,3.5,-0.215,3.737,-0.5
2,38,5,0,18,3.5,-0.215,3.737,-0.5
3,38,5,0,18,4.9,-0.215,3.737,-0.5
4,38,5,1,18,4.8,-0.215,3.737,0.5
5,38,5,1,18,5.8,-0.215,3.737,0.5
6,38,5,1,18,5.9,-0.215,3.737,0.5
7,38,4,1,18,5,-1.215,3.737,0.5
8,38,6,0,18,4.3,0.785,3.737,-0.5
9,38,4,1,18,4.6,-1.215,3.737,0.5
10,38,4,0,18,3.6,-1.215,3.737,-0.5
11,38,4,0,18,3,-1.215,3.737,-0.5
12,38,6,0,18,4.5,0.785,3.737,-0.5
13,38,4,0,18,3.9,-1.215,3.737,-0.5
14,38,5,0,18,4.2,-0.215,3.737,-0.5
15,38,5,1,18,6,-0.215,3.737,0.5
16,38,6,1,18,6.5,0.785,3.737,0.5
17,38,5,0,18,3.4,-0.215,3.737,-0.5
1,39,4,1,19,5.4,-1.215,4.737,0.5
2,39,4,1,19,5.6,-1.215,4.737,0.5
3,39,4,0,19,3.6,-1.215,4.737,-0.5
4,39,6,0,19,4.7,0.785,4.737,-0.5
5,39,4,1,19,5.7,-1.215,4.737,0.5
6,39,4,1,19,4.8,-1.215,4.737,0.5
7,39,7,1,19,6.4,1.785,4.737,0.5
8,39,5,1,19,4.9,-0.215,4.737,0.5
9,39,5,1,19,5.3,-0.215,4.737,0.5
10,39,5,1,19,5.5,-0.215,4.737,0.5
11,39,6,0,19,3.9,0.785,4.737,-0.5
12,39,5,0,19,5.1,-0.215,4.737,-0.5
13,39,4,0,19,4.8,-1.215,4.737,-0.5
14,39,3,1,19,4.6,-2.215,4.737,0.5
15,39,4,0,19,5.2,-1.215,4.737,-0.5
16,39,6,1,19,6,0.785,4.737,0.5
1,40,8,1,2,6.4,2.785,-12.263,0.5
2,40,8,1,2,5.1,2.785,-12.263,0.5
3,40,9,1,2,7.7,3.785,-12.263,0.5
4,40,9,1,2,7.4,3.785,-12.263,0.5
5,40,8,1,2,6.8,2.785,-12.263,0.5
6,40,10,1,2,6.8,4.785,-12.263,0.5
7,40,9,1,2,8.2,3.785,-12.263,0.5
8,40,10,1,2,7.6,4.785,-12.263,0.5
9,40,9,1,2,7.5,3.785,-12.263,0.5
10,40,8,1,2,6.5,2.785,-12.263,0.5
11,40,7,1,2,4.3,1.785,-12.263,0.5
12,40,10,1,2,7.7,4.785,-12.263,0.5
13,40,8,1,2,7.5,2.785,-12.263,0.5
14,40,9,1,2,6.5,3.785,-12.263,0.5
15,40,10,1,2,8.6,4.785,-12.263,0.5
16,40,9,1,2,5.4,3.785,-12.263,0.5
17,40,8,1,2,4.5,2.785,-12.263,0.5
18,40,6,1,2,3.8,0.785,-12.263,0.5
19,40,8,1,2,6.9,2.785,-12.263,0.5
20,40,8,1,2,6.6,2.785,-12.263,0.5
1,41,6,1,18,5,0.785,3.737,0.5
2,41,3,0,18,3.4,-2.215,3.737,-0.5
3,41,5,0,18,2.5,-0.215,3.737,-0.5
4,41,5,1,18,5,-0.215,3.737,0.5
5,41,6,0,18,3.8,0.785,3.737,-0.5
6,41,5,0,18,3.4,-0.215,3.737,-0.5
7,41,5,0,18,3,-0.215,3.737,-0.5
8,41,5,1,18,4.4,-0.215,3.737,0.5
9,41,5,1,18,3.6,-0.215,3.737,0.5
10,41,4,1,18,4.2,-1.215,3.737,0.5
11,41,6,1,18,5.3,0.785,3.737,0.5
12,41,5,0,18,2.9,-0.215,3.737,-0.5
13,41,5,0,18,2.8,-0.215,3.737,-0.5
14,41,6,0,18,3.7,0.785,3.737,-0.5
15,41,5,1,18,4.2,-0.215,3.737,0.5
16,41,4,1,18,3.2,-1.215,3.737,0.5
17,41,3,1,18,3.6,-2.215,3.737,0.5
18,41,5,1,18,4.1,-0.215,3.737,0.5
19,41,4,0,18,3.2,-1.215,3.737,-0.5
1,42,3,1,12,5.3,-2.215,-2.263,0.5
2,42,7,0,12,6.6,1.785,-2.263,-0.5
3,42,5,0,12,4.1,-0.215,-2.263,-0.5
4,42,5,1,12,5.5,-0.215,-2.263,0.5
5,42,5,0,12,4.8,-0.215,-2.263,-0.5
6,42,4,1,12,4.5,-1.215,-2.263,0.5
7,42,3,0,12,3.9,-2.215,-2.263,-0.5
8,42,5,1,12,5.9,-0.215,-2.263,0.5
9,42,5,1,12,5,-0.215,-2.263,0.5
10,42,7,1,12,7.1,1.785,-2.263,0.5
11,42,7,0,12,5.2,1.785,-2.263,-0.5
12,42,5,1,12,7,-0.215,-2.263,0.5
13,42,6,1,12,7.3,0.785,-2.263,0.5
14,42,3,1,12,4.1,-2.215,-2.263,0.5
15,42,6,0,12,5.5,0.785,-2.263,-0.5
16,42,6,0,12,4.9,0.785,-2.263,-0.5
17,42,6,1,12,7.2,0.785,-2.263,0.5
18,42,5,0,12,4.1,-0.215,-2.263,-0.5
19,42,5,1,12,4.4,-0.215,-2.263,0.5
20,42,4,1,12,5.3,-1.215,-2.263,0.5
21,42,4,1,12,3.6,-1.215,-2.263,0.5
1,43,7,0,12,6.7,1.785,-2.263,-0.5
2,43,5,1,12,4.2,-0.215,-2.263,0.5
3,43,5,0,12,5.6,-0.215,-2.263,-0.5
4,43,4,1,12,4.7,-1.215,-2.263,0.5
5,43,6,1,12,5.6,0.785,-2.263,0.5
6,43,4,1,12,6.2,-1.215,-2.263,0.5
7,43,6,0,12,4.7,0.785,-2.263,-0.5
8,43,5,0,12,5.4,-0.215,-2.263,-0.5
9,43,5,1,12,6.7,-0.215,-2.263,0.5
10,43,5,0,12,4.8,-0.215,-2.263,-0.5
11,43,5,0,12,5.5,-0.215,-2.263,-0.5
12,43,4,0,12,5.6,-1.215,-2.263,-0.5
13,43,6,0,12,4.3,0.785,-2.263,-0.5
14,43,5,0,12,5.2,-0.215,-2.263,-0.5
15,43,7,0,12,5.9,1.785,-2.263,-0.5
16,43,4,0,12,4.5,-1.215,-2.263,-0.5
17,43,6,0,12,5.7,0.785,-2.263,-0.5
1,44,5,0,14,4.2,-0.215,-0.263,-0.5
2,44,6,1,14,6.7,0.785,-0.263,0.5
3,44,6,1,14,6,0.785,-0.263,0.5
4,44,6,1,14,6,0.785,-0.263,0.5
5,44,5,0,14,4,-0.215,-0.263,-0.5
6,44,5,0,14,5.1,-0.215,-0.263,-0.5
7,44,4,1,14,4.9,-1.215,-0.263,0.5
8,44,5,0,14,3.9,-0.215,-0.263,-0.5
9,44,6,0,14,4.5,0.785,-0.263,-0.5
10,44,4,0,14,3.3,-1.215,-0.263,-0.5
11,44,6,0,14,4.3,0.785,-0.263,-0.5
12,44,8,1,14,6.4,2.785,-0.263,0.5
13,44,5,1,14,5.2,-0.215,-0.263,0.5
14,44,7,1,14,6.2,1.785,-0.263,0.5
15,44,7,1,14,5.7,1.785,-0.263,0.5
16,44,5,0,14,3.6,-0.215,-0.263,-0.5
17,44,6,0,14,5.1,0.785,-0.263,-0.5
18,44,5,1,14,5.1,-0.215,-0.263,0.5
19,44,5,0,14,3.7,-0.215,-0.263,-0.5
1,45,6,0,20,4.3,0.785,5.737,-0.5
2,45,6,1,20,7.9,0.785,5.737,0.5
3,45,5,1,20,4.8,-0.215,5.737,0.5
4,45,7,1,20,7.7,1.785,5.737,0.5
5,45,6,0,20,6.3,0.785,5.737,-0.5
6,45,4,0,20,4.9,-1.215,5.737,-0.5
7,45,5,0,20,5.2,-0.215,5.737,-0.5
8,45,3,1,20,7.9,-2.215,5.737,0.5
9,45,6,0,20,6.2,0.785,5.737,-0.5
10,45,6,1,20,6,0.785,5.737,0.5
11,45,5,0,20,4.8,-0.215,5.737,-0.5
12,45,5,0,20,6.2,-0.215,5.737,-0.5
13,45,4,0,20,5.6,-1.215,5.737,-0.5
14,45,6,0,20,5.1,0.785,5.737,-0.5
15,45,4,0,20,4.5,-1.215,5.737,-0.5
16,45,5,0,20,5.5,-0.215,5.737,-0.5
17,45,6,1,20,7.1,0.785,5.737,0.5
18,45,5,0,20,4.8,-0.215,5.737,-0.5
19,45,5,0,20,4.9,-0.215,5.737,-0.5
1,46,4,1,18,5.5,-1.215,3.737,0.5
2,46,4,1,18,5.5,-1.215,3.737,0.5
3,46,6,1,18,6.1,0.785,3.737,0.5
4,46,4,0,18,4,-1.215,3.737,-0.5
5,46,4,0,18,3.5,-1.215,3.737,-0.5
6,46,4,0,18,3.4,-1.215,3.737,-0.5
7,46,6,1,18,6.2,0.785,3.737,0.5
8,46,4,1,18,5.1,-1.215,3.737,0.5
9,46,4,0,18,3.5,-1.215,3.737,-0.5
10,46,6,1,18,6.3,0.785,3.737,0.5
11,46,5,1,18,6.1,-0.215,3.737,0.5
12,46,6,1,18,5.7,0.785,3.737,0.5
13,46,6,1,18,3.9,0.785,3.737,0.5
14,46,5,1,18,5.6,-0.215,3.737,0.5
15,46,4,0,18,3.6,-1.215,3.737,-0.5
16,46,5,0,18,5.2,-0.215,3.737,-0.5
17,46,8,1,18,8.4,2.785,3.737,0.5
18,46,3,0,18,3.1,-2.215,3.737,-0.5
19,46,2,1,18,5.1,-3.215,3.737,0.5
20,46,6,1,18,6.5,0.785,3.737,0.5
21,46,3,1,18,4.5,-2.215,3.737,0.5
22,46,4,1,18,5.3,-1.215,3.737,0.5
23,46,4,0,18,3.7,-1.215,3.737,-0.5
1,47,4,1,13,5.3,-1.215,-1.263,0.5
2,47,8,0,13,5.5,2.785,-1.263,-0.5
3,47,5,1,13,5.8,-0.215,-1.263,0.5
4,47,5,0,13,3.7,-0.215,-1.263,-0.5
5,47,6,0,13,5.4,0.785,-1.263,-0.5
6,47,4,1,13,4.9,-1.215,-1.263,0.5
7,47,5,0,13,4.1,-0.215,-1.263,-0.5
8,47,6,1,13,5.5,0.785,-1.263,0.5
9,47,6,1,13,6.1,0.785,-1.263,0.5
10,47,4,1,13,3.9,-1.215,-1.263,0.5
11,47,5,0,13,5.2,-0.215,-1.263,-0.5
12,47,5,1,13,4.4,-0.215,-1.263,0.5
13,47,5,0,13,4.3,-0.215,-1.263,-0.5
14,47,5,0,13,3,-0.215,-1.263,-0.5
15,47,4,1,13,5.9,-1.215,-1.263,0.5
16,47,4,1,13,4.4,-1.215,-1.263,0.5
17,47,7,0,13,5.5,1.785,-1.263,-0.5
1,48,6,1,6,5.8,0.785,-8.263,0.5
2,48,4,0,6,1.8,-1.215,-8.263,-0.5
3,48,7,0,6,5.5,1.785,-8.263,-0.5
4,48,5,0,6,2.1,-0.215,-8.263,-0.5
5,48,6,0,6,3.6,0.785,-8.263,-0.5
6,48,6,0,6,1.9,0.785,-8.263,-0.5
7,48,4,1,6,4.4,-1.215,-8.263,0.5
8,48,8,1,6,5.1,2.785,-8.263,0.5
9,48,4,0,6,2.5,-1.215,-8.263,-0.5
10,48,5,1,6,2.6,-0.215,-8.263,0.5
11,48,5,0,6,3.6,-0.215,-8.263,-0.5
12,48,5,0,6,3.4,-0.215,-8.263,-0.5
13,48,6,1,6,6.1,0.785,-8.263,0.5
14,48,8,1,6,7.4,2.785,-8.263,0.5
15,48,7,0,6,5.2,1.785,-8.263,-0.5
16,48,6,1,6,4.5,0.785,-8.263,0.5
17,48,6,1,6,5.3,0.785,-8.263,0.5
18,48,5,0,6,4,-0.215,-8.263,-0.5
19,48,5,0,6,4.2,-0.215,-8.263,-0.5
1,49,4,1,7,5.4,-1.215,-7.263,0.5
2,49,6,1,7,5.7,0.785,-7.263,0.5
3,49,4,0,7,3.2,-1.215,-7.263,-0.5
4,49,7,1,7,6.3,1.785,-7.263,0.5
5,49,5,1,7,4.2,-0.215,-7.263,0.5
6,49,5,0,7,4.4,-0.215,-7.263,-0.5
7,49,5,1,7,5,-0.215,-7.263,0.5
8,49,6,0,7,4.3,0.785,-7.263,-0.5
9,49,5,0,7,4.2,-0.215,-7.263,-0.5
10,49,5,1,7,4.7,-0.215,-7.263,0.5
11,49,5,1,7,4.1,-0.215,-7.263,0.5
12,49,6,1,7,5.4,0.785,-7.263,0.5
13,49,6,1,7,5.2,0.785,-7.263,0.5
14,49,5,0,7,4.8,-0.215,-7.263,-0.5
15,49,6,1,7,4.9,0.785,-7.263,0.5
16,49,5,0,7,4.5,-0.215,-7.263,-0.5
17,49,6,0,7,3.5,0.785,-7.263,-0.5
18,49,8,1,7,6.9,2.785,-7.263,0.5
19,49,4,0,7,5.3,-1.215,-7.263,-0.5
20,49,5,0,7,3.4,-0.215,-7.263,-0.5
1,50,4,0,25,5.2,-1.215,10.737,-0.5
2,50,6,1,25,6.7,0.785,10.737,0.5
3,50,5,1,25,6.8,-0.215,10.737,0.5
4,50,5,0,25,5.6,-0.215,10.737,-0.5
5,50,6,0,25,5.6,0.785,10.737,-0.5
6,50,2,1,25,6.5,-3.215,10.737,0.5
7,50,5,0,25,5.1,-0.215,10.737,-0.5
8,50,5,0,25,7,-0.215,10.737,-0.5
9,50,7,0,25,6.4,1.785,10.737,-0.5
10,50,5,0,25,6.4,-0.215,10.737,-0.5
11,50,6,1,25,7.4,0.785,10.737,0.5
12,50,5,0,25,5.8,-0.215,10.737,-0.5
13,50,4,1,25,6.7,-1.215,10.737,0.5
14,50,5,0,25,5.3,-0.215,10.737,-0.5
15,50,5,0,25,5.4,-0.215,10.737,-0.5
16,50,5,1,25,7.2,-0.215,10.737,0.5
17,50,5,0,25,5,-0.215,10.737,-0.5
18,50,6,1,25,6.3,0.785,10.737,0.5
19,50,5,1,25,7.6,-0.215,10.737,0.5
20,50,4,1,25,5.9,-1.215,10.737,0.5
1,51,5,0,16,4.2,-0.215,1.737,-0.5
2,51,4,1,16,4.9,-1.215,1.737,0.5
3,51,5,0,16,3.1,-0.215,1.737,-0.5
4,51,6,1,16,5.1,0.785,1.737,0.5
5,51,5,1,16,5,-0.215,1.737,0.5
6,51,4,1,16,5.5,-1.215,1.737,0.5
7,51,5,1,16,3.7,-0.215,1.737,0.5
8,51,5,0,16,3.2,-0.215,1.737,-0.5
9,51,5,1,16,5,-0.215,1.737,0.5
10,51,5,1,16,4.8,-0.215,1.737,0.5
11,51,5,0,16,2.4,-0.215,1.737,-0.5
12,51,6,0,16,4.1,0.785,1.737,-0.5
13,51,3,0,16,2.4,-2.215,1.737,-0.5
14,51,5,1,16,5.9,-0.215,1.737,0.5
15,51,5,1,16,4.3,-0.215,1.737,0.5
16,51,6,0,16,4,0.785,1.737,-0.5
17,51,5,1,16,5.3,-0.215,1.737,0.5
18,51,5,1,16,4.3,-0.215,1.737,0.5
19,51,5,0,16,4,-0.215,1.737,-0.5
20,51,3,0,16,3.9,-2.215,1.737,-0.5
21,51,5,1,16,6.3,-0.215,1.737,0.5
22,51,6,1,16,5.8,0.785,1.737,0.5
23,51,5,0,16,3.9,-0.215,1.737,-0.5
1,52,6,1,7,6,0.785,-7.263,0.5
2,52,3,0,7,4.4,-2.215,-7.263,-0.5
3,52,6,1,7,5.6,0.785,-7.263,0.5
4,52,5,1,7,6.1,-0.215,-7.263,0.5
5,52,4,1,7,5,-1.215,-7.263,0.5
6,52,4,0,7,2.9,-1.215,-7.263,-0.5
7,52,6,0,7,3.4,0.785,-7.263,-0.5
8,52,6,0,7,3.2,0.785,-7.263,-0.5
9,52,5,1,7,4.7,-0.215,-7.263,0.5
10,52,5,1,7,5.1,-0.215,-7.263,0.5
11,52,6,1,7,5.4,0.785,-7.263,0.5
12,52,5,0,7,4.2,-0.215,-7.263,-0.5
13,52,2,0,7,1.9,-3.215,-7.263,-0.5
14,52,5,0,7,4.4,-0.215,-7.263,-0.5
15,52,5,0,7,4.5,-0.215,-7.263,-0.5
16,52,5,0,7,3.6,-0.215,-7.263,-0.5
17,52,7,1,7,5.4,1.785,-7.263,0.5
18,52,5,0,7,3.9,-0.215,-7.263,-0.5
19,52,5,1,7,3.4,-0.215,-7.263,0.5
20,52,6,0,7,4.5,0.785,-7.263,-0.5
21,52,6,1,7,6,0.785,-7.263,0.5
22,52,6,1,7,3.6,0.785,-7.263,0.5
23,52,6,0,7,4.2,0.785,-7.263,-0.5
1,53,3,1,21,6.8,-2.215,6.737,0.5
2,53,5,1,21,7.2,-0.215,6.737,0.5
3,53,4,1,21,6.2,-1.215,6.737,0.5
4,53,5,1,21,7.5,-0.215,6.737,0.5
5,53,4,1,21,7.1,-1.215,6.737,0.5
6,53,5,1,21,6.7,-0.215,6.737,0.5
7,53,7,1,21,7,1.785,6.737,0.5
8,53,5,1,21,6.5,-0.215,6.737,0.5
9,53,6,1,21,8.4,0.785,6.737,0.5
10,53,4,1,21,6.2,-1.215,6.737,0.5
11,53,1,1,21,5.3,-4.215,6.737,0.5
12,53,4,1,21,5.3,-1.215,6.737,0.5
13,53,4,1,21,5.5,-1.215,6.737,0.5
14,53,5,1,21,7.4,-0.215,6.737,0.5
15,53,5,1,21,6.9,-0.215,6.737,0.5
16,53,6,1,21,7.5,0.785,6.737,0.5
17,53,6,1,21,6.8,0.785,6.737,0.5
18,53,5,1,21,5.1,-0.215,6.737,0.5
19,53,4,1,21,6.6,-1.215,6.737,0.5
1,54,4,1,16,6,-1.215,1.737,0.5
2,54,6,0,16,4.7,0.785,1.737,-0.5
3,54,5,0,16,5.6,-0.215,1.737,-0.5
4,54,5,0,16,3.6,-0.215,1.737,-0.5
5,54,6,0,16,3.4,0.785,1.737,-0.5
6,54,4,0,16,4.7,-1.215,1.737,-0.5
7,54,5,1,16,6.6,-0.215,1.737,0.5
8,54,5,0,16,4.6,-0.215,1.737,-0.5
9,54,7,0,16,4.5,1.785,1.737,-0.5
10,54,4,0,16,5.5,-1.215,1.737,-0.5
11,54,5,1,16,5.3,-0.215,1.737,0.5
12,54,6,0,16,5.4,0.785,1.737,-0.5
13,54,5,0,16,4.8,-0.215,1.737,-0.5
14,54,5,1,16,5.6,-0.215,1.737,0.5
15,54,6,1,16,6,0.785,1.737,0.5
16,54,6,1,16,6.8,0.785,1.737,0.5
17,54,4,0,16,3.8,-1.215,1.737,-0.5
18,54,6,1,16,6.7,0.785,1.737,0.5
19,54,4,1,16,5.8,-1.215,1.737,0.5
1,55,5,0,7,2.7,-0.215,-7.263,-0.5
2,55,6,0,7,5,0.785,-7.263,-0.5
3,55,6,0,7,4.4,0.785,-7.263,-0.5
4,55,5,0,7,2.2,-0.215,-7.263,-0.5
5,55,5,0,7,4.5,-0.215,-7.263,-0.5
6,55,3,0,7,2.4,-2.215,-7.263,-0.5
7,55,6,0,7,2.7,0.785,-7.263,-0.5
8,55,6,0,7,3.8,0.785,-7.263,-0.5
9,55,5,0,7,4.5,-0.215,-7.263,-0.5
10,55,7,0,7,4.5,1.785,-7.263,-0.5
11,55,7,0,7,4.1,1.785,-7.263,-0.5
12,55,6,0,7,3.4,0.785,-7.263,-0.5
13,55,5,0,7,2.4,-0.215,-7.263,-0.5
14,55,5,0,7,4.1,-0.215,-7.263,-0.5
15,55,6,0,7,5,0.785,-7.263,-0.5
16,55,6,0,7,3.8,0.785,-7.263,-0.5
17,55,4,0,7,3.9,-1.215,-7.263,-0.5
18,55,7,0,7,3.4,1.785,-7.263,-0.5
19,55,6,0,7,4.4,0.785,-7.263,-0.5
20,55,5,0,7,2.3,-0.215,-7.263,-0.5
21,55,4,0,7,2,-1.215,-7.263,-0.5
1,56,5,0,12,4.9,-0.215,-2.263,-0.5
2,56,4,0,12,2.4,-1.215,-2.263,-0.5
3,56,6,1,12,4.4,0.785,-2.263,0.5
4,56,4,0,12,3.4,-1.215,-2.263,-0.5
5,56,6,0,12,3.9,0.785,-2.263,-0.5
6,56,5,1,12,4.4,-0.215,-2.263,0.5
7,56,5,1,12,6.1,-0.215,-2.263,0.5
8,56,3,0,12,3.9,-2.215,-2.263,-0.5
9,56,6,0,12,6.3,0.785,-2.263,-0.5
10,56,4,1,12,4.9,-1.215,-2.263,0.5
11,56,6,1,12,5.9,0.785,-2.263,0.5
12,56,5,1,12,6,-0.215,-2.263,0.5
13,56,5,1,12,6.5,-0.215,-2.263,0.5
14,56,5,0,12,4,-0.215,-2.263,-0.5
15,56,4,0,12,4,-1.215,-2.263,-0.5
16,56,4,1,12,5.7,-1.215,-2.263,0.5
17,56,6,0,12,3.6,0.785,-2.263,-0.5
18,56,5,0,12,3.9,-0.215,-2.263,-0.5
19,56,5,1,12,6,-0.215,-2.263,0.5
1,57,6,1,4,4.8,0.785,-10.263,0.5
2,57,8,1,4,6.7,2.785,-10.263,0.5
3,57,6,0,4,2.8,0.785,-10.263,-0.5
4,57,7,0,4,4.9,1.785,-10.263,-0.5
5,57,7,1,4,5.4,1.785,-10.263,0.5
6,57,6,1,4,3.9,0.785,-10.263,0.5
7,57,5,0,4,2.1,-0.215,-10.263,-0.5
8,57,5,1,4,3.1,-0.215,-10.263,0.5
9,57,5,1,4,3.5,-0.215,-10.263,0.5
10,57,6,0,4,2.1,0.785,-10.263,-0.5
11,57,5,1,4,5,-0.215,-10.263,0.5
12,57,7,1,4,4.8,1.785,-10.263,0.5
13,57,4,0,4,2.2,-1.215,-10.263,-0.5
14,57,7,1,4,5.1,1.785,-10.263,0.5
15,57,2,0,4,1.2,-3.215,-10.263,-0.5
16,57,7,1,4,4.9,1.785,-10.263,0.5
17,57,8,0,4,4.8,2.785,-10.263,-0.5
18,57,5,1,4,3,-0.215,-10.263,0.5
1,58,4,0,22,5.7,-1.215,7.737,-0.5
2,58,6,1,22,6.5,0.785,7.737,0.5
3,58,5,1,22,6.4,-0.215,7.737,0.5
4,58,6,1,22,8.1,0.785,7.737,0.5
5,58,6,0,22,5.1,0.785,7.737,-0.5
6,58,3,0,22,4.1,-2.215,7.737,-0.5
7,58,6,1,22,6.3,0.785,7.737,0.5
8,58,3,0,22,5.2,-2.215,7.737,-0.5
9,58,4,1,22,7,-1.215,7.737,0.5
10,58,5,0,22,5.6,-0.215,7.737,-0.5
11,58,6,1,22,6.5,0.785,7.737,0.5
12,58,2,0,22,4,-3.215,7.737,-0.5
13,58,6,1,22,7,0.785,7.737,0.5
14,58,4,0,22,4.5,-1.215,7.737,-0.5
15,58,5,1,22,6.7,-0.215,7.737,0.5
16,58,5,1,22,7.5,-0.215,7.737,0.5
17,58,4,1,22,7,-1.215,7.737,0.5
18,58,5,1,22,7,-0.215,7.737,0.5
19,58,5,0,22,5.7,-0.215,7.737,-0.5
20,58,3,0,22,4.6,-2.215,7.737,-0.5
1,59,6,0,5,2.9,0.785,-9.263,-0.5
2,59,5,1,5,4.8,-0.215,-9.263,0.5
3,59,6,1,5,5.8,0.785,-9.263,0.5
4,59,5,0,5,3.1,-0.215,-9.263,-0.5
5,59,5,0,5,4.3,-0.215,-9.263,-0.5
6,59,6,0,5,4.1,0.785,-9.263,-0.5
7,59,5,0,5,2.8,-0.215,-9.263,-0.5
8,59,6,1,5,5,0.785,-9.263,0.5
9,59,5,1,5,5.1,-0.215,-9.263,0.5
10,59,7,0,5,4.7,1.785,-9.263,-0.5
11,59,6,0,5,3.4,0.785,-9.263,-0.5
12,59,4,0,5,1.8,-1.215,-9.263,-0.5
13,59,4,1,5,4.1,-1.215,-9.263,0.5
14,59,6,1,5,6.1,0.785,-9.263,0.5
15,59,6,1,5,4.6,0.785,-9.263,0.5
16,59,5,0,5,3.9,-0.215,-9.263,-0.5
17,59,6,0,5,4.8,0.785,-9.263,-0.5
1,60,5,0,3,2.8,-0.215,-11.263,-0.5
2,60,8,1,3,6.4,2.785,-11.263,0.5
3,60,9,0,3,5.6,3.785,-11.263,-0.5
4,60,7,1,3,5.7,1.785,-11.263,0.5
5,60,6,1,3,5.5,0.785,-11.263,0.5
6,60,7,0,3,4,1.785,-11.263,-0.5
7,60,8,1,3,5.3,2.785,-11.263,0.5
8,60,5,1,3,3.7,-0.215,-11.263,0.5
9,60,6,0,3,4.5,0.785,-11.263,-0.5
10,60,7,0,3,3,1.785,-11.263,-0.5
11,60,8,1,3,6,2.785,-11.263,0.5
12,60,7,0,3,3.6,1.785,-11.263,-0.5
13,60,6,1,3,5.7,0.785,-11.263,0.5
14,60,7,1,3,5.1,1.785,-11.263,0.5
16,60,7,1,3,6.1,1.785,-11.263,0.5
17,60,7,1,3,5.9,1.785,-11.263,0.5
18,60,7,0,3,4.2,1.785,-11.263,-0.5
19,60,4,0,3,1.6,-1.215,-11.263,-0.5
20,60,5,0,3,2.7,-0.215,-11.263,-0.5
21,60,6,1,3,3.3,0.785,-11.263,0.5
22,60,4,0,3,1.4,-1.215,-11.263,-0.5
1,61,3,1,23,6.2,-2.215,8.737,0.5
2,61,6,0,23,5.9,0.785,8.737,-0.5
3,61,4,1,23,5.6,-1.215,8.737,0.5
4,61,3,1,23,4.8,-2.215,8.737,0.5
5,61,4,1,23,5.5,-1.215,8.737,0.5
6,61,5,0,23,5.5,-0.215,8.737,-0.5
7,61,4,1,23,4.4,-1.215,8.737,0.5
8,61,6,1,23,7.1,0.785,8.737,0.5
9,61,4,0,23,4.3,-1.215,8.737,-0.5
10,61,4,1,23,6.3,-1.215,8.737,0.5
11,61,5,1,23,8.2,-0.215,8.737,0.5
12,61,3,0,23,4.4,-2.215,8.737,-0.5
13,61,6,1,23,7.5,0.785,8.737,0.5
14,61,5,1,23,5.3,-0.215,8.737,0.5
15,61,4,0,23,5.9,-1.215,8.737,-0.5
16,61,5,0,23,6.4,-0.215,8.737,-0.5
17,61,4,1,23,5.7,-1.215,8.737,0.5
18,61,4,0,23,5.1,-1.215,8.737,-0.5
19,61,5,0,23,5.7,-0.215,8.737,-0.5
1,62,5,1,25,6.6,-0.215,10.737,0.5
2,62,5,0,25,5,-0.215,10.737,-0.5
3,62,5,0,25,4.9,-0.215,10.737,-0.5
4,62,6,0,25,5.4,0.785,10.737,-0.5
5,62,3,0,25,4.9,-2.215,10.737,-0.5
6,62,4,1,25,5.8,-1.215,10.737,0.5
7,62,5,1,25,8.4,-0.215,10.737,0.5
8,62,4,1,25,6.5,-1.215,10.737,0.5
9,62,4,1,25,4.8,-1.215,10.737,0.5
10,62,6,1,25,6.7,0.785,10.737,0.5
11,62,4,1,25,6,-1.215,10.737,0.5
12,62,6,1,25,5.2,0.785,10.737,0.5
13,62,4,0,25,4.7,-1.215,10.737,-0.5
14,62,6,0,25,5.4,0.785,10.737,-0.5
15,62,5,0,25,4.7,-0.215,10.737,-0.5
16,62,5,1,25,6.9,-0.215,10.737,0.5
17,62,4,0,25,5.2,-1.215,10.737,-0.5
18,62,5,0,25,4.8,-0.215,10.737,-0.5
19,62,5,1,25,7.5,-0.215,10.737,0.5
20,62,5,0,25,4.8,-0.215,10.737,-0.5
1,63,6,1,15,7.7,0.785,0.737,0.5
2,63,5,0,15,4.8,-0.215,0.737,-0.5
3,63,3,1,15,5.1,-2.215,0.737,0.5
4,63,4,0,15,3.4,-1.215,0.737,-0.5
5,63,6,0,15,5.5,0.785,0.737,-0.5
6,63,5,0,15,4.6,-0.215,0.737,-0.5
7,63,7,0,15,4.8,1.785,0.737,-0.5
8,63,5,1,15,5.3,-0.215,0.737,0.5
9,63,5,0,15,4.6,-0.215,0.737,-0.5
10,63,5,1,15,5.4,-0.215,0.737,0.5
11,63,6,0,15,6.1,0.785,0.737,-0.5
12,63,5,1,15,5.8,-0.215,0.737,0.5
13,63,7,0,15,5.5,1.785,0.737,-0.5
14,63,5,0,15,4.6,-0.215,0.737,-0.5
15,63,6,1,15,6.4,0.785,0.737,0.5
16,63,5,1,15,6.5,-0.215,0.737,0.5
17,63,4,0,15,4.2,-1.215,0.737,-0.5
18,63,4,1,15,4.6,-1.215,0.737,0.5
19,63,4,0,15,3.1,-1.215,0.737,-0.5
20,63,4,1,15,6.8,-1.215,0.737,0.5
21,63,7,1,15,7.1,1.785,0.737,0.5
22,63,4,1,15,5.5,-1.215,0.737,0.5
23,63,5,1,15,6.9,-0.215,0.737,0.5
24,63,4,0,15,4.6,-1.215,0.737,-0.5
25,63,4,0,15,4,-1.215,0.737,-0.5
1,64,2,1,25,6.3,-3.215,10.737,0.5
2,64,4,1,25,6.9,-1.215,10.737,0.5
3,64,4,1,25,5.6,-1.215,10.737,0.5
4,64,5,1,25,8.8,-0.215,10.737,0.5
5,64,3,1,25,5.7,-2.215,10.737,0.5
6,64,3,1,25,8.2,-2.215,10.737,0.5
7,64,5,1,25,8.1,-0.215,10.737,0.5
8,64,5,1,25,6.6,-0.215,10.737,0.5
9,64,6,1,25,6.9,0.785,10.737,0.5
11,64,6,1,25,5.7,0.785,10.737,0.5
12,64,5,1,25,8.8,-0.215,10.737,0.5
13,64,2,1,25,7.6,-3.215,10.737,0.5
14,64,7,1,25,9.1,1.785,10.737,0.5
15,64,5,1,25,7.7,-0.215,10.737,0.5
16,64,5,1,25,6,-0.215,10.737,0.5
17,64,5,1,25,7.4,-0.215,10.737,0.5
18,64,3,1,25,5.6,-2.215,10.737,0.5
19,64,6,1,25,8.9,0.785,10.737,0.5
20,64,6,1,25,6.4,0.785,10.737,0.5
1,65,5,0,22,6,-0.215,7.737,-0.5
2,65,3,0,22,6.6,-2.215,7.737,-0.5
3,65,4,0,22,5.3,-1.215,7.737,-0.5
4,65,5,1,22,6.4,-0.215,7.737,0.5
5,65,4,1,22,5.6,-1.215,7.737,0.5
6,65,5,1,22,6.8,-0.215,7.737,0.5
7,65,5,0,22,5.3,-0.215,7.737,-0.5
8,65,4,0,22,5.1,-1.215,7.737,-0.5
9,65,7,0,22,5.3,1.785,7.737,-0.5
10,65,5,1,22,6.4,-0.215,7.737,0.5
11,65,5,1,22,8.5,-0.215,7.737,0.5
12,65,6,0,22,5.7,0.785,7.737,-0.5
13,65,4,0,22,5.2,-1.215,7.737,-0.5
14,65,4,1,22,7.5,-1.215,7.737,0.5
15,65,5,0,22,6.7,-0.215,7.737,-0.5
16,65,5,1,22,7.3,-0.215,7.737,0.5
17,65,4,0,22,5.1,-1.215,7.737,-0.5
18,65,5,0,22,4.7,-0.215,7.737,-0.5
19,65,3,0,22,5.1,-2.215,7.737,-0.5
20,65,5,1,22,7.4,-0.215,7.737,0.5
21,65,4,1,22,7.9,-1.215,7.737,0.5
22,65,6,1,22,7,0.785,7.737,0.5
1,66,7,1,8,7.5,1.785,-6.263,0.5
2,66,7,1,8,6.9,1.785,-6.263,0.5
3,66,5,0,8,4.5,-0.215,-6.263,-0.5
4,66,5,0,8,4,-0.215,-6.263,-0.5
5,66,5,1,8,6.2,-0.215,-6.263,0.5
6,66,5,1,8,5.2,-0.215,-6.263,0.5
7,66,6,1,8,7,0.785,-6.263,0.5
8,66,6,1,8,6.3,0.785,-6.263,0.5
9,66,5,1,8,5.5,-0.215,-6.263,0.5
10,66,6,1,8,6.6,0.785,-6.263,0.5
11,66,6,0,8,4.6,0.785,-6.263,-0.5
12,66,5,1,8,5.3,-0.215,-6.263,0.5
13,66,4,1,8,6.4,-1.215,-6.263,0.5
14,66,5,1,8,6.5,-0.215,-6.263,0.5
15,66,7,1,8,7.4,1.785,-6.263,0.5
16,66,6,0,8,6.7,0.785,-6.263,-0.5
17,66,4,0,8,4.9,-1.215,-6.263,-0.5
18,66,4,0,8,5.1,-1.215,-6.263,-0.5
19,66,7,1,8,8.6,1.785,-6.263,0.5
20,66,5,0,8,4.5,-0.215,-6.263,-0.5
1,67,6,1,23,5.9,0.785,8.737,0.5
2,67,8,1,23,8.1,2.785,8.737,0.5
3,67,6,1,23,5.9,0.785,8.737,0.5
4,67,3,1,23,6,-2.215,8.737,0.5
5,67,7,1,23,8.3,1.785,8.737,0.5
6,67,5,1,23,5.8,-0.215,8.737,0.5
7,67,5,1,23,5.5,-0.215,8.737,0.5
8,67,4,1,23,5.9,-1.215,8.737,0.5
9,67,4,1,23,8.2,-1.215,8.737,0.5
10,67,7,1,23,6.9,1.785,8.737,0.5
11,67,5,1,23,6.7,-0.215,8.737,0.5
12,67,6,1,23,6.4,0.785,8.737,0.5
13,67,4,1,23,6.4,-1.215,8.737,0.5
14,67,5,1,23,5.5,-0.215,8.737,0.5
15,67,4,1,23,7.3,-1.215,8.737,0.5
16,67,4,1,23,6.7,-1.215,8.737,0.5
17,67,1,1,23,5.6,-4.215,8.737,0.5
18,67,7,1,23,7.4,1.785,8.737,0.5
19,67,5,1,23,5.3,-0.215,8.737,0.5
20,67,5,1,23,6.7,-0.215,8.737,0.5
21,67,6,1,23,6.8,0.785,8.737,0.5
1,68,3,0,20,6.5,-2.215,5.737,-0.5
2,68,6,0,20,6.3,0.785,5.737,-0.5
3,68,5,0,20,5.2,-0.215,5.737,-0.5
4,68,5,0,20,6.8,-0.215,5.737,-0.5
5,68,4,0,20,4.8,-1.215,5.737,-0.5
6,68,6,1,20,7.5,0.785,5.737,0.5
7,68,6,0,20,5.8,0.785,5.737,-0.5
8,68,6,0,20,5.9,0.785,5.737,-0.5
9,68,5,1,20,6.7,-0.215,5.737,0.5
10,68,4,1,20,6.3,-1.215,5.737,0.5
11,68,4,0,20,4.6,-1.215,5.737,-0.5
12,68,6,0,20,4.7,0.785,5.737,-0.5
13,68,5,1,20,5.5,-0.215,5.737,0.5
14,68,3,1,20,5.7,-2.215,5.737,0.5
15,68,4,0,20,4.7,-1.215,5.737,-0.5
16,68,4,0,20,5.2,-1.215,5.737,-0.5
17,68,4,0,20,4,-1.215,5.737,-0.5
1,69,5,0,24,5,-0.215,9.737,-0.5
2,69,5,1,24,5.4,-0.215,9.737,0.5
4,69,4,0,24,5.3,-1.215,9.737,-0.5
5,69,3,1,24,6.6,-2.215,9.737,0.5
6,69,6,0,24,5.9,0.785,9.737,-0.5
7,69,5,0,24,4.1,-0.215,9.737,-0.5
8,69,3,0,24,5.6,-2.215,9.737,-0.5
9,69,5,1,24,5.9,-0.215,9.737,0.5
10,69,4,0,24,4.7,-1.215,9.737,-0.5
11,69,5,1,24,6.2,-0.215,9.737,0.5
12,69,3,0,24,4.7,-2.215,9.737,-0.5
13,69,3,0,24,4.9,-2.215,9.737,-0.5
14,69,4,0,24,5.3,-1.215,9.737,-0.5
15,69,5,1,24,6.6,-0.215,9.737,0.5
16,69,5,0,24,5.1,-0.215,9.737,-0.5
17,69,5,1,24,7.5,-0.215,9.737,0.5
18,69,5,1,24,7.1,-0.215,9.737,0.5
19,69,6,1,24,7.1,0.785,9.737,0.5
1,70,4,1,22,4.9,-1.215,7.737,0.5
2,70,4,1,22,4.1,-1.215,7.737,0.5
3,70,6,1,22,5,0.785,7.737,0.5
4,70,4,1,22,4.2,-1.215,7.737,0.5
5,70,5,1,22,6.5,-0.215,7.737,0.5
6,70,4,1,22,7.4,-1.215,7.737,0.5
7,70,5,0,22,5,-0.215,7.737,-0.5
8,70,6,0,22,6.1,0.785,7.737,-0.5
9,70,3,0,22,4.4,-2.215,7.737,-0.5
10,70,4,1,22,5.6,-1.215,7.737,0.5
11,70,6,0,22,4.9,0.785,7.737,-0.5
12,70,7,0,22,5.3,1.785,7.737,-0.5
13,70,5,0,22,3.1,-0.215,7.737,-0.5
14,70,5,0,22,4.3,-0.215,7.737,-0.5
15,70,5,1,22,5.8,-0.215,7.737,0.5
16,70,4,0,22,3.1,-1.215,7.737,-0.5
17,70,4,1,22,5.5,-1.215,7.737,0.5
18,70,5,1,22,5.8,-0.215,7.737,0.5
19,70,7,0,22,4.9,1.785,7.737,-0.5
20,70,1,0,22,2.9,-4.215,7.737,-0.5
21,70,3,0,22,4.1,-2.215,7.737,-0.5
1,71,3,0,18,3,-2.215,3.737,-0.5
2,71,5,0,18,5.1,-0.215,3.737,-0.5
3,71,3,0,18,3.6,-2.215,3.737,-0.5
4,71,4,1,18,4,-1.215,3.737,0.5
5,71,7,0,18,4.9,1.785,3.737,-0.5
6,71,4,0,18,3.9,-1.215,3.737,-0.5
7,71,7,1,18,4.4,1.785,3.737,0.5
8,71,6,1,18,6.9,0.785,3.737,0.5
9,71,4,0,18,2.8,-1.215,3.737,-0.5
10,71,5,1,18,5.5,-0.215,3.737,0.5
11,71,4,0,18,3.7,-1.215,3.737,-0.5
12,71,6,1,18,5.6,0.785,3.737,0.5
13,71,5,1,18,5.2,-0.215,3.737,0.5
14,71,4,0,18,2.6,-1.215,3.737,-0.5
15,71,5,1,18,5.3,-0.215,3.737,0.5
16,71,4,1,18,4,-1.215,3.737,0.5
17,71,3,0,18,3.9,-2.215,3.737,-0.5
18,71,3,0,18,1.7,-2.215,3.737,-0.5
19,71,3,1,18,5.8,-2.215,3.737,0.5
20,71,4,1,18,4.8,-1.215,3.737,0.5
21,71,5,1,18,6,-0.215,3.737,0.5
22,71,3,1,18,4.9,-2.215,3.737,0.5
1,72,5,0,19,5.3,-0.215,4.737,-0.5
2,72,4,0,19,6.3,-1.215,4.737,-0.5
3,72,6,0,19,5.9,0.785,4.737,-0.5
4,72,5,0,19,5.5,-0.215,4.737,-0.5
5,72,5,0,19,5.6,-0.215,4.737,-0.5
6,72,5,0,19,4.4,-0.215,4.737,-0.5
7,72,6,1,19,7.3,0.785,4.737,0.5
8,72,7,1,19,8.4,1.785,4.737,0.5
9,72,5,0,19,4.9,-0.215,4.737,-0.5
10,72,5,0,19,4.8,-0.215,4.737,-0.5
11,72,6,0,19,5.7,0.785,4.737,-0.5
12,72,4,0,19,6,-1.215,4.737,-0.5
13,72,4,1,19,6.1,-1.215,4.737,0.5
14,72,4,0,19,6.1,-1.215,4.737,-0.5
15,72,6,0,19,6.7,0.785,4.737,-0.5
16,72,4,0,19,4.5,-1.215,4.737,-0.5
17,72,5,0,19,6.5,-0.215,4.737,-0.5
18,72,5,0,19,5.9,-0.215,4.737,-0.5
19,72,4,1,19,6.9,-1.215,4.737,0.5
20,72,6,0,19,4,0.785,4.737,-0.5
21,72,5,0,19,5.8,-0.215,4.737,-0.5
1,73,3,1,14,4.7,-2.215,-0.263,0.5
2,73,6,1,14,6.2,0.785,-0.263,0.5
3,73,5,1,14,6.7,-0.215,-0.263,0.5
4,73,5,1,14,5.4,-0.215,-0.263,0.5
5,73,6,0,14,5,0.785,-0.263,-0.5
6,73,5,0,14,4.2,-0.215,-0.263,-0.5
7,73,6,0,14,5.3,0.785,-0.263,-0.5
8,73,5,1,14,4.4,-0.215,-0.263,0.5
9,73,5,1,14,6.2,-0.215,-0.263,0.5
10,73,4,0,14,3.8,-1.215,-0.263,-0.5
11,73,6,1,14,6.3,0.785,-0.263,0.5
12,73,4,1,14,4.5,-1.215,-0.263,0.5
13,73,5,0,14,5.6,-0.215,-0.263,-0.5
14,73,4,0,14,3.3,-1.215,-0.263,-0.5
15,73,6,0,14,5.2,0.785,-0.263,-0.5
16,73,3,0,14,4.1,-2.215,-0.263,-0.5
17,73,5,0,14,5.1,-0.215,-0.263,-0.5
18,73,5,1,14,6.3,-0.215,-0.263,0.5
19,73,6,1,14,6.8,0.785,-0.263,0.5
20,73,4,0,14,4,-1.215,-0.263,-0.5
1,74,6,1,17,6.9,0.785,2.737,0.5
2,74,5,0,17,4.8,-0.215,2.737,-0.5
3,74,5,1,17,5.7,-0.215,2.737,0.5
4,74,5,0,17,4.7,-0.215,2.737,-0.5
5,74,6,0,17,5.1,0.785,2.737,-0.5
6,74,5,1,17,5.3,-0.215,2.737,0.5
7,74,5,0,17,3.3,-0.215,2.737,-0.5
8,74,7,0,17,6.6,1.785,2.737,-0.5
9,74,5,0,17,4.7,-0.215,2.737,-0.5
10,74,6,0,17,4.2,0.785,2.737,-0.5
11,74,5,0,17,5.9,-0.215,2.737,-0.5
12,74,6,1,17,4.6,0.785,2.737,0.5
13,74,5,1,17,6.4,-0.215,2.737,0.5
14,74,5,0,17,3.8,-0.215,2.737,-0.5
15,74,3,1,17,4.3,-2.215,2.737,0.5
16,74,5,1,17,5.6,-0.215,2.737,0.5
17,74,4,0,17,4.4,-1.215,2.737,-0.5
1,75,4,1,21,5.4,-1.215,6.737,0.5
2,75,6,1,21,8.1,0.785,6.737,0.5
3,75,4,1,21,6,-1.215,6.737,0.5
4,75,5,1,21,7.5,-0.215,6.737,0.5
5,75,6,1,21,5.8,0.785,6.737,0.5
6,75,4,1,21,7.5,-1.215,6.737,0.5
7,75,3,1,21,7.5,-2.215,6.737,0.5
8,75,6,1,21,6.4,0.785,6.737,0.5
9,75,4,1,21,5.7,-1.215,6.737,0.5
10,75,5,1,21,6.5,-0.215,6.737,0.5
11,75,3,1,21,6.8,-2.215,6.737,0.5
12,75,5,1,21,5.8,-0.215,6.737,0.5
13,75,6,1,21,7.1,0.785,6.737,0.5
14,75,6,1,21,6.4,0.785,6.737,0.5
15,75,5,1,21,7.9,-0.215,6.737,0.5
16,75,5,1,21,8.1,-0.215,6.737,0.5
17,75,5,1,21,6.6,-0.215,6.737,0.5
1,76,6,0,16,4,0.785,1.737,-0.5
2,76,5,1,16,4.5,-0.215,1.737,0.5
3,76,5,0,16,3.5,-0.215,1.737,-0.5
4,76,5,1,16,5.2,-0.215,1.737,0.5
5,76,6,1,16,5.5,0.785,1.737,0.5
6,76,5,0,16,5,-0.215,1.737,-0.5
7,76,6,0,16,5.1,0.785,1.737,-0.5
8,76,3,1,16,3.8,-2.215,1.737,0.5
9,76,5,1,16,6,-0.215,1.737,0.5
10,76,5,0,16,4,-0.215,1.737,-0.5
11,76,5,0,16,3.2,-0.215,1.737,-0.5
12,76,5,1,16,6.1,-0.215,1.737,0.5
13,76,5,0,16,4.5,-0.215,1.737,-0.5
14,76,4,0,16,3.6,-1.215,1.737,-0.5
15,76,5,0,16,5.2,-0.215,1.737,-0.5
16,76,5,1,16,4.8,-0.215,1.737,0.5
17,76,4,1,16,3.9,-1.215,1.737,0.5
18,76,4,0,16,4.4,-1.215,1.737,-0.5
1,77,8,0,3,6,2.785,-11.263,-0.5
2,77,7,1,3,5.3,1.785,-11.263,0.5
3,77,6,1,3,5.5,0.785,-11.263,0.5
4,77,7,1,3,6.1,1.785,-11.263,0.5
5,77,7,1,3,6.2,1.785,-11.263,0.5
6,77,5,0,3,2.9,-0.215,-11.263,-0.5
7,77,6,1,3,5.6,0.785,-11.263,0.5
8,77,5,0,3,4.3,-0.215,-11.263,-0.5
9,77,7,1,3,6.5,1.785,-11.263,0.5
10,77,6,0,3,4,0.785,-11.263,-0.5
11,77,5,0,3,3,-0.215,-11.263,-0.5
12,77,6,0,3,4.5,0.785,-11.263,-0.5
13,77,7,0,3,3.9,1.785,-11.263,-0.5
14,77,7,0,3,3.8,1.785,-11.263,-0.5
15,77,5,0,3,2.5,-0.215,-11.263,-0.5
16,77,6,0,3,3.2,0.785,-11.263,-0.5
17,77,6,1,3,4.3,0.785,-11.263,0.5
18,77,7,1,3,6.7,1.785,-11.263,0.5
19,77,7,0,3,4.5,1.785,-11.263,-0.5
1,78,5,0,23,3.7,-0.215,8.737,-0.5
2,78,6,1,23,5.4,0.785,8.737,0.5
3,78,4,1,23,5.6,-1.215,8.737,0.5
4,78,7,0,23,5.6,1.785,8.737,-0.5
5,78,5,0,23,3.8,-0.215,8.737,-0.5
6,78,5,1,23,6.4,-0.215,8.737,0.5
7,78,6,0,23,4.4,0.785,8.737,-0.5
8,78,6,1,23,7.1,0.785,8.737,0.5
9,78,5,0,23,4.1,-0.215,8.737,-0.5
10,78,3,0,23,3.9,-2.215,8.737,-0.5
11,78,4,0,23,3.9,-1.215,8.737,-0.5
12,78,6,0,23,5.3,0.785,8.737,-0.5
13,78,3,1,23,5.2,-2.215,8.737,0.5
14,78,7,1,23,5.4,1.785,8.737,0.5
15,78,6,0,23,5.3,0.785,8.737,-0.5
16,78,4,0,23,3.7,-1.215,8.737,-0.5
17,78,3,1,23,4.9,-2.215,8.737,0.5
18,78,7,1,23,6,1.785,8.737,0.5
1,79,6,1,15,6.7,0.785,0.737,0.5
2,79,6,0,15,5,0.785,0.737,-0.5
3,79,6,0,15,4,0.785,0.737,-0.5
4,79,4,0,15,4.7,-1.215,0.737,-0.5
5,79,7,1,15,7.4,1.785,0.737,0.5
6,79,4,0,15,4,-1.215,0.737,-0.5
7,79,5,0,15,3.5,-0.215,0.737,-0.5
8,79,5,0,15,4.9,-0.215,0.737,-0.5
9,79,3,0,15,3.2,-2.215,0.737,-0.5
10,79,5,1,15,6.3,-0.215,0.737,0.5
11,79,6,1,15,6.6,0.785,0.737,0.5
12,79,6,1,15,5.5,0.785,0.737,0.5
13,79,5,1,15,5.9,-0.215,0.737,0.5
14,79,5,0,15,4.8,-0.215,0.737,-0.5
15,79,6,1,15,7.4,0.785,0.737,0.5
16,79,4,0,15,4.2,-1.215,0.737,-0.5
17,79,5,0,15,5.5,-0.215,0.737,-0.5
18,79,6,0,15,5.9,0.785,0.737,-0.5
19,79,5,0,15,4,-0.215,0.737,-0.5
20,79,6,0,15,4.3,0.785,0.737,-0.5
1,80,4,0,23,4.2,-1.215,8.737,-0.5
2,80,4,1,23,5.2,-1.215,8.737,0.5
3,80,4,0,23,2.7,-1.215,8.737,-0.5
4,80,5,1,23,5.8,-0.215,8.737,0.5
5,80,5,0,23,4.7,-0.215,8.737,-0.5
6,80,6,0,23,2,0.785,8.737,-0.5
7,80,4,0,23,4.5,-1.215,8.737,-0.5
8,80,4,1,23,5.4,-1.215,8.737,0.5
9,80,6,1,23,5.4,0.785,8.737,0.5
10,80,5,0,23,3.5,-0.215,8.737,-0.5
11,80,6,0,23,5.3,0.785,8.737,-0.5
12,80,5,0,23,2.8,-0.215,8.737,-0.5
13,80,5,1,23,5.3,-0.215,8.737,0.5
14,80,5,1,23,4.6,-0.215,8.737,0.5
15,80,6,0,23,3.8,0.785,8.737,-0.5
16,80,5,0,23,3.6,-0.215,8.737,-0.5
17,80,2,0,23,3.7,-3.215,8.737,-0.5
18,80,4,1,23,4.6,-1.215,8.737,0.5
19,80,6,1,23,3.7,0.785,8.737,0.5
20,80,4,1,23,5.6,-1.215,8.737,0.5
1,81,4,0,8,2.4,-1.215,-6.263,-0.5
2,81,6,0,8,4.6,0.785,-6.263,-0.5
3,81,6,0,8,3.9,0.785,-6.263,-0.5
4,81,6,1,8,4.8,0.785,-6.263,0.5
5,81,6,1,8,6,0.785,-6.263,0.5
6,81,5,1,8,3.7,-0.215,-6.263,0.5
7,81,5,0,8,4.1,-0.215,-6.263,-0.5
8,81,5,1,8,4.5,-0.215,-6.263,0.5
9,81,6,1,8,4.8,0.785,-6.263,0.5
10,81,4,0,8,3.3,-1.215,-6.263,-0.5
11,81,7,0,8,3.9,1.785,-6.263,-0.5
12,81,5,1,8,5.2,-0.215,-6.263,0.5
13,81,6,0,8,4.9,0.785,-6.263,-0.5
14,81,7,1,8,6,1.785,-6.263,0.5
15,81,5,0,8,2.7,-0.215,-6.263,-0.5
16,81,4,0,8,2.7,-1.215,-6.263,-0.5
17,81,6,0,8,4.4,0.785,-6.263,-0.5
18,81,5,1,8,4.6,-0.215,-6.263,0.5
19,81,6,1,8,5.3,0.785,-6.263,0.5
20,81,5,0,8,4.1,-0.215,-6.263,-0.5
21,81,7,0,8,4.5,1.785,-6.263,-0.5
1,82,4,0,8,1.4,-1.215,-6.263,-0.5
2,82,5,0,8,2.8,-0.215,-6.263,-0.5
3,82,6,0,8,2.5,0.785,-6.263,-0.5
4,82,9,0,8,4.2,3.785,-6.263,-0.5
5,82,5,0,8,3.1,-0.215,-6.263,-0.5
6,82,5,0,8,1.1,-0.215,-6.263,-0.5
7,82,7,0,8,4.2,1.785,-6.263,-0.5
8,82,6,0,8,2.4,0.785,-6.263,-0.5
9,82,5,0,8,0,-0.215,-6.263,-0.5
10,82,5,0,8,2.5,-0.215,-6.263,-0.5
11,82,5,0,8,1.7,-0.215,-6.263,-0.5
12,82,5,0,8,1.9,-0.215,-6.263,-0.5
13,82,4,0,8,0.9,-1.215,-6.263,-0.5
14,82,6,0,8,1.8,0.785,-6.263,-0.5
15,82,6,0,8,3.6,0.785,-6.263,-0.5
16,82,5,0,8,3.7,-0.215,-6.263,-0.5
17,82,6,0,8,4,0.785,-6.263,-0.5
18,82,6,0,8,4.3,0.785,-6.263,-0.5
19,82,6,0,8,1.3,0.785,-6.263,-0.5
20,82,5,0,8,3.2,-0.215,-6.263,-0.5
21,82,7,0,8,3.9,1.785,-6.263,-0.5
1,83,4,0,24,5.7,-1.215,9.737,-0.5
2,83,6,0,24,6.3,0.785,9.737,-0.5
3,83,5,1,24,6.1,-0.215,9.737,0.5
4,83,6,1,24,5.7,0.785,9.737,0.5
5,83,7,1,24,7,1.785,9.737,0.5
6,83,5,0,24,5.4,-0.215,9.737,-0.5
7,83,7,1,24,7.6,1.785,9.737,0.5
8,83,3,1,24,6.4,-2.215,9.737,0.5
9,83,5,1,24,5.9,-0.215,9.737,0.5
10,83,5,0,24,4.5,-0.215,9.737,-0.5
11,83,4,1,24,6,-1.215,9.737,0.5
12,83,6,1,24,7.1,0.785,9.737,0.5
13,83,5,1,24,6.2,-0.215,9.737,0.5
14,83,4,1,24,6.7,-1.215,9.737,0.5
15,83,4,0,24,5,-1.215,9.737,-0.5
16,83,6,1,24,7.6,0.785,9.737,0.5
17,83,7,0,24,5.3,1.785,9.737,-0.5
18,83,5,0,24,5.9,-0.215,9.737,-0.5
1,84,5,1,22,5.6,-0.215,7.737,0.5
2,84,4,0,22,4.9,-1.215,7.737,-0.5
3,84,5,1,22,7.1,-0.215,7.737,0.5
4,84,5,1,22,8.1,-0.215,7.737,0.5
5,84,6,0,22,6.2,0.785,7.737,-0.5
6,84,6,0,22,6.6,0.785,7.737,-0.5
7,84,3,1,22,6.4,-2.215,7.737,0.5
8,84,5,0,22,5,-0.215,7.737,-0.5
9,84,5,0,22,5.6,-0.215,7.737,-0.5
10,84,5,1,22,7.5,-0.215,7.737,0.5
11,84,6,1,22,6.5,0.785,7.737,0.5
12,84,5,0,22,5.6,-0.215,7.737,-0.5
13,84,4,0,22,5.3,-1.215,7.737,-0.5
14,84,5,0,22,7.3,-0.215,7.737,-0.5
15,84,5,1,22,6.6,-0.215,7.737,0.5
16,84,5,1,22,6.2,-0.215,7.737,0.5
17,84,4,0,22,5.8,-1.215,7.737,-0.5
18,84,5,1,22,7.6,-0.215,7.737,0.5
19,84,4,1,22,7.1,-1.215,7.737,0.5
20,84,4,1,22,6.6,-1.215,7.737,0.5
21,84,3,0,22,4.3,-2.215,7.737,-0.5
1,85,7,1,16,6.8,1.785,1.737,0.5
2,85,3,1,16,6,-2.215,1.737,0.5
3,85,6,1,16,5.1,0.785,1.737,0.5
4,85,5,1,16,7.8,-0.215,1.737,0.5
5,85,6,1,16,7.8,0.785,1.737,0.5
6,85,6,1,16,5.5,0.785,1.737,0.5
7,85,4,1,16,6.8,-1.215,1.737,0.5
8,85,5,1,16,5.2,-0.215,1.737,0.5
9,85,4,1,16,6.4,-1.215,1.737,0.5
10,85,5,1,16,7.7,-0.215,1.737,0.5
11,85,7,1,16,6.6,1.785,1.737,0.5
12,85,5,1,16,4.7,-0.215,1.737,0.5
13,85,5,1,16,6.5,-0.215,1.737,0.5
14,85,6,1,16,7.1,0.785,1.737,0.5
15,85,4,1,16,6.3,-1.215,1.737,0.5
16,85,5,1,16,7,-0.215,1.737,0.5
17,85,5,1,16,5.4,-0.215,1.737,0.5
18,85,5,1,16,6.1,-0.215,1.737,0.5
19,85,4,1,16,6.5,-1.215,1.737,0.5
20,85,4,1,16,6,-1.215,1.737,0.5
21,85,7,1,16,7.4,1.785,1.737,0.5
22,85,4,1,16,6.7,-1.215,1.737,0.5
1,86,4,0,4,2.4,-1.215,-10.263,-0.5
2,86,6,1,4,5.6,0.785,-10.263,0.5
3,86,7,0,4,4.7,1.785,-10.263,-0.5
4,86,7,0,4,4.3,1.785,-10.263,-0.5
5,86,6,1,4,4.1,0.785,-10.263,0.5
6,86,6,1,4,4.6,0.785,-10.263,0.5
7,86,7,1,4,4.6,1.785,-10.263,0.5
8,86,7,0,4,3.2,1.785,-10.263,-0.5
9,86,7,0,4,2.2,1.785,-10.263,-0.5
10,86,6,0,4,3,0.785,-10.263,-0.5
11,86,6,0,4,4.3,0.785,-10.263,-0.5
12,86,5,0,4,2.9,-0.215,-10.263,-0.5
13,86,7,1,4,5.6,1.785,-10.263,0.5
14,86,5,0,4,2.9,-0.215,-10.263,-0.5
15,86,6,1,4,4.3,0.785,-10.263,0.5
16,86,7,1,4,5.2,1.785,-10.263,0.5
17,86,8,1,4,6.2,2.785,-10.263,0.5
18,86,4,1,4,3.5,-1.215,-10.263,0.5
19,86,6,0,4,3.7,0.785,-10.263,-0.5
20,86,4,0,4,2.9,-1.215,-10.263,-0.5
21,86,4,0,4,2,-1.215,-10.263,-0.5
22,86,7,1,4,5,1.785,-10.263,0.5
1,87,7,0,2,2.9,1.785,-12.263,-0.5
2,87,7,1,2,6.1,1.785,-12.263,0.5
3,87,8,1,2,7,2.785,-12.263,0.5
4,87,10,1,2,7.3,4.785,-12.263,0.5
5,87,8,1,2,6.2,2.785,-12.263,0.5
6,87,8,0,2,6.1,2.785,-12.263,-0.5
7,87,6,1,2,5.4,0.785,-12.263,0.5
8,87,9,1,2,6.9,3.785,-12.263,0.5
9,87,8,0,2,4.1,2.785,-12.263,-0.5
10,87,8,1,2,6.1,2.785,-12.263,0.5
11,87,5,0,2,2,-0.215,-12.263,-0.5
12,87,6,0,2,3.5,0.785,-12.263,-0.5
13,87,9,1,2,7.1,3.785,-12.263,0.5
14,87,8,1,2,6.4,2.785,-12.263,0.5
15,87,8,1,2,5.9,2.785,-12.263,0.5
16,87,7,0,2,5.5,1.785,-12.263,-0.5
17,87,10,0,2,5.6,4.785,-12.263,-0.5
18,87,9,1,2,7.7,3.785,-12.263,0.5
19,87,8,0,2,4.6,2.785,-12.263,-0.5
20,87,9,0,2,4.4,3.785,-12.263,-0.5
21,87,8,1,2,6.4,2.785,-12.263,0.5
1,88,6,1,13,5.5,0.785,-1.263,0.5
2,88,4,0,13,3.8,-1.215,-1.263,-0.5
3,88,6,1,13,6,0.785,-1.263,0.5
4,88,5,1,13,5.9,-0.215,-1.263,0.5
5,88,5,1,13,5.7,-0.215,-1.263,0.5
6,88,4,1,13,3.3,-1.215,-1.263,0.5
7,88,5,1,13,5.1,-0.215,-1.263,0.5
8,88,4,0,13,2.7,-1.215,-1.263,-0.5
9,88,6,0,13,4.7,0.785,-1.263,-0.5
10,88,5,0,13,4.4,-0.215,-1.263,-0.5
11,88,6,1,13,6.4,0.785,-1.263,0.5
12,88,4,1,13,4.3,-1.215,-1.263,0.5
13,88,4,0,13,3.3,-1.215,-1.263,-0.5
14,88,7,0,13,3.1,1.785,-1.263,-0.5
15,88,4,0,13,2.5,-1.215,-1.263,-0.5
16,88,3,1,13,5.3,-2.215,-1.263,0.5
17,88,5,1,13,6.2,-0.215,-1.263,0.5
18,88,5,0,13,4.6,-0.215,-1.263,-0.5
19,88,5,0,13,5,-0.215,-1.263,-0.5
20,88,7,1,13,6.1,1.785,-1.263,0.5
21,88,4,0,13,4,-1.215,-1.263,-0.5
22,88,4,0,13,3.6,-1.215,-1.263,-0.5
23,88,4,0,13,3.3,-1.215,-1.263,-0.5
1,89,4,1,13,4.5,-1.215,-1.263,0.5
2,89,7,1,13,5.8,1.785,-1.263,0.5
3,89,5,1,13,5.7,-0.215,-1.263,0.5
4,89,5,0,13,5,-0.215,-1.263,-0.5
5,89,6,1,13,5.5,0.785,-1.263,0.5
6,89,5,1,13,6.9,-0.215,-1.263,0.5
7,89,5,1,13,5.7,-0.215,-1.263,0.5
8,89,5,1,13,6.2,-0.215,-1.263,0.5
9,89,4,0,13,4,-1.215,-1.263,-0.5
10,89,5,0,13,3.4,-0.215,-1.263,-0.5
11,89,7,1,13,6.8,1.785,-1.263,0.5
12,89,6,1,13,6,0.785,-1.263,0.5
13,89,6,0,13,5.4,0.785,-1.263,-0.5
14,89,4,0,13,2,-1.215,-1.263,-0.5
15,89,5,0,13,3.2,-0.215,-1.263,-0.5
16,89,5,0,13,4.9,-0.215,-1.263,-0.5
17,89,5,1,13,5.2,-0.215,-1.263,0.5
18,89,6,0,13,4.1,0.785,-1.263,-0.5
1,90,7,1,3,6.5,1.785,-11.263,0.5
2,90,6,0,3,4.2,0.785,-11.263,-0.5
3,90,7,0,3,5.4,1.785,-11.263,-0.5
4,90,7,0,3,4.9,1.785,-11.263,-0.5
5,90,5,1,3,4.1,-0.215,-11.263,0.5
6,90,7,0,3,5.1,1.785,-11.263,-0.5
7,90,9,1,3,7.1,3.785,-11.263,0.5
8,90,6,0,3,3.8,0.785,-11.263,-0.5
9,90,7,1,3,5,1.785,-11.263,0.5
10,90,7,1,3,6.3,1.785,-11.263,0.5
11,90,7,0,3,4.9,1.785,-11.263,-0.5
12,90,8,1,3,5.9,2.785,-11.263,0.5
13,90,8,1,3,6.2,2.785,-11.263,0.5
14,90,8,1,3,5.2,2.785,-11.263,0.5
15,90,7,1,3,6.2,1.785,-11.263,0.5
16,90,9,1,3,7.7,3.785,-11.263,0.5
17,90,8,1,3,6.5,2.785,-11.263,0.5
18,90,7,1,3,4.9,1.785,-11.263,0.5
19,90,8,0,3,5.1,2.785,-11.263,-0.5
20,90,6,1,3,5,0.785,-11.263,0.5
21,90,7,1,3,5.7,1.785,-11.263,0.5
22,90,6,0,3,5.3,0.785,-11.263,-0.5
23,90,8,0,3,5.6,2.785,-11.263,-0.5
1,91,7,0,16,4.6,1.785,1.737,-0.5
2,91,4,1,16,5,-1.215,1.737,0.5
3,91,3,1,16,5.7,-2.215,1.737,0.5
4,91,5,0,16,4,-0.215,1.737,-0.5
5,91,5,1,16,4.9,-0.215,1.737,0.5
6,91,4,0,16,4,-1.215,1.737,-0.5
7,91,7,1,16,7.7,1.785,1.737,0.5
8,91,4,0,16,3.8,-1.215,1.737,-0.5
9,91,5,0,16,6.1,-0.215,1.737,-0.5
10,91,5,0,16,4,-0.215,1.737,-0.5
11,91,6,1,16,5.9,0.785,1.737,0.5
12,91,5,1,16,5.1,-0.215,1.737,0.5
13,91,4,0,16,3.5,-1.215,1.737,-0.5
14,91,7,1,16,7.1,1.785,1.737,0.5
15,91,4,1,16,5.2,-1.215,1.737,0.5
16,91,5,0,16,4.8,-0.215,1.737,-0.5
17,91,7,0,16,4.2,1.785,1.737,-0.5
18,91,7,1,16,5.4,1.785,1.737,0.5
1,92,4,0,16,4.4,-1.215,1.737,-0.5
2,92,4,0,16,4.2,-1.215,1.737,-0.5
3,92,4,0,16,3,-1.215,1.737,-0.5
4,92,4,0,16,4,-1.215,1.737,-0.5
5,92,4,1,16,3.8,-1.215,1.737,0.5
6,92,6,1,16,4.8,0.785,1.737,0.5
7,92,4,0,16,4,-1.215,1.737,-0.5
8,92,5,0,16,5,-0.215,1.737,-0.5
9,92,4,0,16,2.1,-1.215,1.737,-0.5
10,92,3,0,16,3.4,-2.215,1.737,-0.5
11,92,5,1,16,5.2,-0.215,1.737,0.5
12,92,6,0,16,4.8,0.785,1.737,-0.5
13,92,3,0,16,3.8,-2.215,1.737,-0.5
14,92,4,1,16,5.9,-1.215,1.737,0.5
15,92,4,0,16,3.5,-1.215,1.737,-0.5
16,92,5,0,16,4,-0.215,1.737,-0.5
17,92,4,0,16,2.8,-1.215,1.737,-0.5
1,93,5,1,10,5.2,-0.215,-4.263,0.5
2,93,7,1,10,5.7,1.785,-4.263,0.5
3,93,4,1,10,5.1,-1.215,-4.263,0.5
4,93,5,0,10,4.5,-0.215,-4.263,-0.5
5,93,6,0,10,4.4,0.785,-4.263,-0.5
6,93,5,1,10,5.9,-0.215,-4.263,0.5
7,93,7,0,10,6.6,1.785,-4.263,-0.5
8,93,5,0,10,3,-0.215,-4.263,-0.5
9,93,5,0,10,4,-0.215,-4.263,-0.5
10,93,5,1,10,4.3,-0.215,-4.263,0.5
11,93,6,0,10,4.2,0.785,-4.263,-0.5
12,93,6,0,10,5.2,0.785,-4.263,-0.5
13,93,5,0,10,3.3,-0.215,-4.263,-0.5
14,93,7,1,10,5.6,1.785,-4.263,0.5
15,93,6,1,10,6.1,0.785,-4.263,0.5
16,93,3,0,10,2.8,-2.215,-4.263,-0.5
17,93,5,1,10,4.4,-0.215,-4.263,0.5
18,93,5,0,10,3.4,-0.215,-4.263,-0.5
19,93,4,0,10,3.6,-1.215,-4.263,-0.5
20,93,5,0,10,4.4,-0.215,-4.263,-0.5
1,94,5,0,21,4,-0.215,6.737,-0.5
2,94,5,0,21,5.6,-0.215,6.737,-0.5
3,94,4,1,21,6,-1.215,6.737,0.5
4,94,5,1,21,6.6,-0.215,6.737,0.5
5,94,6,0,21,6.3,0.785,6.737,-0.5
6,94,6,1,21,5.7,0.785,6.737,0.5
7,94,6,1,21,6.1,0.785,6.737,0.5
8,94,6,1,21,5.3,0.785,6.737,0.5
9,94,5,1,21,5.7,-0.215,6.737,0.5
10,94,5,0,21,4.9,-0.215,6.737,-0.5
11,94,2,0,21,4.1,-3.215,6.737,-0.5
12,94,5,0,21,4,-0.215,6.737,-0.5
13,94,7,1,21,6,1.785,6.737,0.5
14,94,3,0,21,3.9,-2.215,6.737,-0.5
15,94,4,0,21,4.7,-1.215,6.737,-0.5
16,94,4,1,21,7.2,-1.215,6.737,0.5
1,95,5,0,15,4.4,-0.215,0.737,-0.5
2,95,5,1,15,4.9,-0.215,0.737,0.5
3,95,3,0,15,4.1,-2.215,0.737,-0.5
4,95,7,0,15,5,1.785,0.737,-0.5
5,95,5,0,15,4.1,-0.215,0.737,-0.5
6,95,3,1,15,4.9,-2.215,0.737,0.5
7,95,5,0,15,3.1,-0.215,0.737,-0.5
8,95,4,0,15,4.1,-1.215,0.737,-0.5
9,95,5,1,15,5.1,-0.215,0.737,0.5
10,95,5,0,15,5.3,-0.215,0.737,-0.5
11,95,6,0,15,4.5,0.785,0.737,-0.5
12,95,6,1,15,5.7,0.785,0.737,0.5
13,95,6,1,15,7.5,0.785,0.737,0.5
14,95,4,1,15,5.3,-1.215,0.737,0.5
15,95,5,1,15,6.3,-0.215,0.737,0.5
16,95,5,1,15,5.8,-0.215,0.737,0.5
17,95,5,1,15,5.9,-0.215,0.737,0.5
18,95,6,0,15,4.9,0.785,0.737,-0.5
19,95,7,0,15,3.9,1.785,0.737,-0.5
20,95,5,1,15,5.4,-0.215,0.737,0.5
21,95,4,0,15,4.3,-1.215,0.737,-0.5
1,96,6,1,13,6.1,0.785,-1.263,0.5
2,96,5,1,13,6.7,-0.215,-1.263,0.5
3,96,6,0,13,3.9,0.785,-1.263,-0.5
4,96,6,0,13,5,0.785,-1.263,-0.5
5,96,5,0,13,6.4,-0.215,-1.263,-0.5
6,96,6,1,13,7,0.785,-1.263,0.5
7,96,6,0,13,4.5,0.785,-1.263,-0.5
8,96,6,0,13,4.6,0.785,-1.263,-0.5
9,96,4,0,13,4.4,-1.215,-1.263,-0.5
10,96,4,1,13,4.9,-1.215,-1.263,0.5
11,96,5,1,13,7.4,-0.215,-1.263,0.5
12,96,4,1,13,4.9,-1.215,-1.263,0.5
13,96,8,0,13,7.1,2.785,-1.263,-0.5
14,96,5,0,13,5.4,-0.215,-1.263,-0.5
15,96,5,1,13,5,-0.215,-1.263,0.5
16,96,6,1,13,6,0.785,-1.263,0.5
17,96,4,1,13,5,-1.215,-1.263,0.5
18,96,3,0,13,3.2,-2.215,-1.263,-0.5
19,96,5,0,13,4.7,-0.215,-1.263,-0.5
20,96,4,0,13,4,-1.215,-1.263,-0.5
21,96,5,1,13,7.2,-0.215,-1.263,0.5
1,97,5,0,9,4.2,-0.215,-5.263,-0.5
2,97,7,0,9,4.3,1.785,-5.263,-0.5
3,97,5,0,9,2.5,-0.215,-5.263,-0.5
4,97,3,0,9,2.1,-2.215,-5.263,-0.5
5,97,4,0,9,2.8,-1.215,-5.263,-0.5
6,97,5,0,9,3.4,-0.215,-5.263,-0.5
7,97,5,0,9,3.4,-0.215,-5.263,-0.5
8,97,4,0,9,2.9,-1.215,-5.263,-0.5
9,97,5,0,9,4.1,-0.215,-5.263,-0.5
10,97,5,0,9,3.6,-0.215,-5.263,-0.5
11,97,4,0,9,2.2,-1.215,-5.263,-0.5
12,97,4,0,9,2.6,-1.215,-5.263,-0.5
13,97,4,0,9,3,-1.215,-5.263,-0.5
14,97,4,0,9,3.6,-1.215,-5.263,-0.5
15,97,3,0,9,1.6,-2.215,-5.263,-0.5
16,97,6,0,9,4.9,0.785,-5.263,-0.5
17,97,4,0,9,2.6,-1.215,-5.263,-0.5
18,97,7,0,9,6.2,1.785,-5.263,-0.5
19,97,6,0,9,5.5,0.785,-5.263,-0.5
20,97,5,0,9,4.3,-0.215,-5.263,-0.5
21,97,5,0,9,3.3,-0.215,-5.263,-0.5
1,98,3,0,25,5.8,-2.215,10.737,-0.5
2,98,4,1,25,5.9,-1.215,10.737,0.5
3,98,4,0,25,4.9,-1.215,10.737,-0.5
4,98,6,1,25,5.3,0.785,10.737,0.5
5,98,5,1,25,6.7,-0.215,10.737,0.5
6,98,7,1,25,6.4,1.785,10.737,0.5
7,98,5,0,25,6.1,-0.215,10.737,-0.5
8,98,5,1,25,7.1,-0.215,10.737,0.5
9,98,5,0,25,4.6,-0.215,10.737,-0.5
10,98,3,0,25,5.7,-2.215,10.737,-0.5
11,98,5,1,25,7.2,-0.215,10.737,0.5
12,98,6,1,25,8.2,0.785,10.737,0.5
13,98,6,0,25,5.6,0.785,10.737,-0.5
14,98,5,1,25,7.3,-0.215,10.737,0.5
15,98,6,1,25,6.5,0.785,10.737,0.5
16,98,5,0,25,5.5,-0.215,10.737,-0.5
17,98,4,1,25,6.7,-1.215,10.737,0.5
18,98,4,1,25,6.1,-1.215,10.737,0.5
19,98,7,1,25,6.8,1.785,10.737,0.5
20,98,5,1,25,7.2,-0.215,10.737,0.5
21,98,6,1,25,6.5,0.785,10.737,0.5
1,99,5,0,21,3.4,-0.215,6.737,-0.5
2,99,5,0,21,5.1,-0.215,6.737,-0.5
3,99,3,0,21,3.5,-2.215,6.737,-0.5
4,99,5,0,21,3.8,-0.215,6.737,-0.5
5,99,5,1,21,4.5,-0.215,6.737,0.5
6,99,4,1,21,4.2,-1.215,6.737,0.5
7,99,6,0,21,5.3,0.785,6.737,-0.5
8,99,6,1,21,6.2,0.785,6.737,0.5
9,99,5,1,21,5.2,-0.215,6.737,0.5
10,99,5,1,21,8,-0.215,6.737,0.5
11,99,4,0,21,4.4,-1.215,6.737,-0.5
12,99,6,1,21,7.4,0.785,6.737,0.5
13,99,4,0,21,4.1,-1.215,6.737,-0.5
14,99,5,0,21,5,-0.215,6.737,-0.5
15,99,4,1,21,5.8,-1.215,6.737,0.5
16,99,5,0,21,4.4,-0.215,6.737,-0.5
17,99,3,0,21,2.9,-2.215,6.737,-0.5
18,99,4,0,21,3.5,-1.215,6.737,-0.5
19,99,5,1,21,5.4,-0.215,6.737,0.5
20,99,5,1,21,5.9,-0.215,6.737,0.5
21,99,5,0,21,4.6,-0.215,6.737,-0.5
22,99,5,0,21,4.8,-0.215,6.737,-0.5
23,99,5,0,21,4.2,-0.215,6.737,-0.5
1,100,5,0,7,3.9,-0.215,-7.263,-0.5
2,100,6,0,7,3.7,0.785,-7.263,-0.5
3,100,7,1,7,6.1,1.785,-7.263,0.5
4,100,3,0,7,1.7,-2.215,-7.263,-0.5
5,100,7,1,7,5.9,1.785,-7.263,0.5
6,100,7,1,7,6.1,1.785,-7.263,0.5
7,100,7,0,7,4.3,1.785,-7.263,-0.5
8,100,5,0,7,3.9,-0.215,-7.263,-0.5
9,100,5,0,7,1.1,-0.215,-7.263,-0.5
10,100,5,0,7,1.4,-0.215,-7.263,-0.5
11,100,5,0,7,1.9,-0.215,-7.263,-0.5
12,100,6,1,7,4.9,0.785,-7.263,0.5
13,100,7,1,7,6.5,1.785,-7.263,0.5
14,100,5,1,7,3.7,-0.215,-7.263,0.5
15,100,5,1,7,5.2,-0.215,-7.263,0.5
16,100,4,1,7,4.3,-1.215,-7.263,0.5
17,100,4,0,7,2.6,-1.215,-7.263,-0.5
18,100,8,1,7,6.7,2.785,-7.263,0.5
19,100,5,0,7,2.9,-0.215,-7.263,-0.5
20,100,9,0,7,5.3,3.785,-7.263,-0.5
